9.905801631214675733e-14 -6.372635386834159759e-06
1.006683912663480626e-13 -6.376691758479269279e-06
1.023049459038265934e-13 -6.385732378454134217e-06
1.039681058247288752e-13 -6.396492154107924488e-06
1.056583035481340526e-13 -6.408728131693242069e-06
1.073759786245372508e-13 -6.422178601507566587e-06
1.091215777501540311e-13 -6.436559652767126494e-06
1.108955548830903073e-13 -6.451561819754980664e-06
1.126983713613977780e-13 -6.466846483622890052e-06
1.145304960230484247e-13 -6.482042389760467316e-06
1.163924053278601462e-13 -6.496742188381865457e-06
1.182845834814031282e-13 -6.510499145323533909e-06
1.202075225609254956e-13 -6.522824192577159064e-06
1.221617226433166609e-13 -6.533183414578203063e-06
1.241476919351605234e-13 -6.540996256715336798e-06
1.261659469048975399e-13 -6.545634707512404393e-06
1.282170124171374951e-13 -6.546423729998640528e-06
1.303014218691543494e-13 -6.542987898747187892e-06
1.324197173296004492e-13 -6.537227499762987559e-06
1.345724496794794799e-13 -6.531837109441385181e-06
1.367601787554026719e-13 -6.527494749754281234e-06
1.389834734951822316e-13 -6.524013779436732552e-06
1.412429120857882501e-13 -6.521190425927414491e-06
1.435390821137108168e-13 -6.518804326338667465e-06
1.458725807177669716e-13 -6.516616940246966472e-06
1.482440147443909901e-13 -6.514371072352531655e-06
1.506540009054539473e-13 -6.511893090491160940e-06
1.531031659386388363e-13 -6.509196520343429881e-06
1.555921467704332420e-13 -6.506218491721116326e-06
1.581215906817666540e-13 -6.502693048207608406e-06
1.606921554763411665e-13 -6.498310708584476014e-06
1.633045096516992849e-13 -6.492737856939045926e-06
1.659593325730710472e-13 -6.485615616808049211e-06
1.686573146500539013e-13 -6.476559455174946134e-06
1.713991575161520950e-13 -6.465243139790188831e-06
1.741855742112477260e-13 -6.452265139553214901e-06
1.770172893670313460e-13 -6.438804543741627473e-06
1.798950393954490668e-13 -6.425223070413710325e-06
1.828195726802123159e-13 -6.411324189999068057e-06
1.857916497714206257e-13 -6.396889547212458726e-06
1.888120435833543820e-13 -6.381686607367931252e-06
1.918815395954699434e-13 -6.365468195594636835e-06
1.950009360566752866e-13 -6.347972440853832943e-06
1.981710441929208610e-13 -6.329096631216279967e-06
2.013926884181653551e-13 -6.309259069345318771e-06
2.046667065487718840e-13 -6.288843947314937122e-06
2.079939500213878377e-13 -6.267747809325652231e-06
2.113752841143740471e-13 -6.245765710927164704e-06
2.148115881728194187e-13 -6.222681347069214386e-06
2.183037558372277980e-13 -6.198266974608013236e-06
2.218526952759156097e-13 -6.172283605686279540e-06
2.254593294211885832e-13 -6.144501429265758485e-06
2.291245962093585271e-13 -6.115097497122468084e-06
2.328494488246600551e-13 -6.084650776103095460e-06
2.366348559471408734e-13 -6.053390696869609400e-06
2.404818020045654649e-13 -6.021169729732156473e-06
2.443912874284308206e-13 -5.987819751154810355e-06
2.483643289141354927e-13 -5.953166861305536628e-06
2.524019596853798198e-13 -5.917032111162068286e-06
2.565052297628649258e-13 -5.879232303232506673e-06
2.606752062373578948e-13 -5.839658296792615833e-06
2.649129735472049085e-13 -5.798572155608916479e-06
2.692196337603380901e-13 -5.756293188718952791e-06
2.735963068608849526e-13 -5.712789971107357090e-06
2.780441310404282145e-13 -5.667923034205490929e-06
2.825642629940020628e-13 -5.621551561980908662e-06
2.871578782209012494e-13 -5.573534342877273229e-06
2.918261713303768843e-13 -5.523731085227412407e-06
2.965703563523142458e-13 -5.472007013979096612e-06
3.013916670529381457e-13 -5.418383924683800590e-06
3.062913572556736335e-13 -5.363107890253571153e-06
3.112707011672111623e-13 -5.306300354071535885e-06
3.163309937088748703e-13 -5.247866779002630100e-06
3.214735508533785918e-13 -5.187698974562504617e-06
3.266997099670528525e-13 -5.125693254372232222e-06
3.320108301576482660e-13 -5.061752064466906731e-06
3.374082926277695536e-13 -4.995785934644447757e-06
3.428935010340777668e-13 -4.927730155014631297e-06
3.484678818523212436e-13 -4.857637938018855017e-06
3.541328847483034960e-13 -4.785598489313869219e-06
3.598899829548804667e-13 -4.711579670794996400e-06
3.657406736550854068e-13 -4.635499557037459084e-06
3.716864783714943609e-13 -4.557284877006184676e-06
3.777289433618956748e-13 -4.476873411110582346e-06
3.838696400214182156e-13 -4.394216450792631790e-06
3.901101652911835852e-13 -4.309281518143082135e-06
3.964521420736040522e-13 -4.222045735843837910e-06
4.028972196544329303e-13 -4.132465824577269409e-06
4.094470741316722663e-13 -4.040480416155067811e-06
4.161034088514682453e-13 -3.946029069855361282e-06
4.228679548510637835e-13 -3.849064745736763271e-06
4.297424713089811254e-13 -3.749556326426706221e-06
4.367287460025084102e-13 -3.647491520764045703e-06
4.438285957726269756e-13 -3.542880123885705501e-06
4.510438669964960756e-13 -3.435747489982654557e-06
4.583764360676160800e-13 -3.325995569597450796e-06
4.658282098838140434e-13 -3.213409338669037663e-06
4.734011263431288908e-13 -3.097865039339287030e-06
4.810971548477920559e-13 -2.979335371536273591e-06
4.889182968163840018e-13 -2.857815511951578014e-06
4.968665862043206578e-13 -2.733324689856153622e-06
5.049440900328001805e-13 -2.605910043466941328e-06
5.131529089263472653e-13 -2.475650720513977721e-06
5.214951776591123230e-13 -2.342567054600119825e-06
5.299730657100162998e-13 -2.206347736066760490e-06
5.385887778269573253e-13 -2.066644061674005606e-06
5.473445546001701667e-13 -1.923385713073488823e-06
5.562426730449115582e-13 -1.776589994374744297e-06
5.652854471936170114e-13 -1.626303432367137702e-06
5.744752286976816785e-13 -1.472606194506675958e-06
5.838144074390429817e-13 -1.315616936524433012e-06
5.933054121516665908e-13 -1.155485419006285763e-06
6.029507110531747534e-13 -9.920500050886182919e-07
6.127528124867252225e-13 -8.247393596394481108e-07
6.227142655733242519e-13 -6.532174691639691666e-07
6.328376608747524842e-13 -4.775022467429224093e-07
6.431256310672531738e-13 -2.976633851903276451e-07
6.535808516262035749e-13 -1.138099960315552828e-07
6.642060415218686511e-13 7.390384247629722125e-08
6.750039639265074156e-13 2.652730961422156142e-07
6.859774269329598348e-13 4.601574564930266398e-07
6.971292842849102873e-13 6.590927758842735074e-07
7.084624361190346758e-13 8.628290153397943918e-07
7.199798297191944676e-13 1.071530954938060276e-06
7.316844602829281803e-13 1.285109865266365059e-06
7.435793717003439126e-13 1.503431580951453128e-06
7.556676573457345225e-13 1.726310409594367101e-06
7.679524608820272317e-13 1.953502332750767234e-06
7.804369770783207990e-13 2.184704234520218336e-06
7.931244526407141281e-13 2.420034134385795621e-06
8.060181870566336115e-13 2.660456153678880664e-06
8.191215334529170977e-13 2.906673390652703137e-06
8.324378994677880706e-13 3.158650833404164082e-06
8.459707481370635556e-13 3.416233036776517018e-06
8.597235987947426693e-13 3.679206386553168784e-06
8.737000279882382460e-13 3.947291405195785252e-06
8.879036704084909491e-13 4.220134545956932826e-06
9.023382198351918487e-13 4.497410039210059107e-06
9.170074300974111376e-13 4.779797603715607579e-06
9.319151160497724301e-13 5.068564044745371699e-06
9.470651545645675540e-13 5.364108700563197107e-06
9.624614855399595624e-13 5.666263972789464809e-06
9.781081129245913241e-13 5.974791931644130027e-06
9.940091057588453669e-13 6.289381105063773791e-06
1.010168599233026187e-12 6.609637207680152393e-06
1.026590795762778246e-12 6.935074465676260846e-06
1.043279966081923033e-12 7.265644192941400625e-06
1.060240450353122102e-12 7.602712603450856310e-06
1.077476659296571887e-12 7.947538718577895622e-06
1.094993075337046535e-12 8.300136210698250139e-06
1.112794253769585620e-12 8.660246471850485683e-06
1.130884823944167443e-12 9.027529452282356814e-06
1.149269490469563572e-12 9.401553325148748197e-06
1.167953034436846817e-12 9.781783553292067168e-06
1.186940314662747690e-12 1.016764963422678303e-05
1.206236268953226710e-12 1.055984999188963602e-05
1.225845915387599605e-12 1.096027914844477369e-05
1.245774353623518936e-12 1.136977488223195332e-05
1.266026766223221683e-12 1.178809344635350920e-05
1.286608420001244774e-12 1.221486965657242463e-05
1.307524667394142667e-12 1.264963738142887983e-05
1.328780947852423713e-12 1.309181730410613476e-05
1.350382789255127759e-12 1.354070362589998577e-05
1.372335809347397584e-12 1.399595313412299591e-05
1.394645717201414770e-12 1.445929266996603957e-05
1.417318314701127103e-12 1.493275050275244542e-05
1.440359498051027220e-12 1.541652262326831391e-05
1.463775259309543517e-12 1.591022217595911004e-05
1.487571687947319178e-12 1.641335188824755154e-05
1.511754972430834310e-12 1.692529057113756341e-05
1.536331401831767615e-12 1.744527847493543282e-05
1.561307367462510577e-12 1.797244356399607668e-05
1.586689364538332582e-12 1.850732802850113545e-05
1.612483993866447577e-12 1.905254416562779385e-05
1.638697963562655578e-12 1.960964166462103586e-05
1.665338090795835676e-12 2.017833172601041225e-05
1.692411303560810587e-12 2.075808929505318368e-05
1.719924642480028617e-12 2.134825439450982465e-05
1.747885262634529566e-12 2.194801574291471713e-05
1.776300435424731135e-12 2.255639397451270067e-05
1.805177550461348261e-12 2.317263615826681278e-05
1.834524117487170962e-12 2.379870594355903979e-05
1.864347768330029288e-12 2.443761899288687811e-05
1.894656258887513837e-12 2.508999089870234123e-05
1.925457471143962989e-12 2.575527530371268803e-05
1.956759415220229386e-12 2.643277637637275745e-05
1.988570231456834139e-12 2.712163412083024028e-05
2.020898192530851261e-12 2.782080586675311773e-05
2.053751705607342646e-12 2.852905962175827925e-05
2.087139314525701037e-12 2.924655856610669513e-05
2.121069702021549240e-12 2.997667236451923012e-05
2.155551691984756998e-12 3.072200267967284404e-05
2.190594251754161584e-12 3.148230414860148096e-05
2.226206494449654907e-12 3.225684820285651400e-05
2.262397681342042632e-12 3.304472896061005915e-05
2.299177224261575622e-12 3.384484275822247090e-05
2.336554688045563636e-12 3.465586665379188913e-05
2.374539793025794266e-12 3.547652974426190875e-05
2.413142417556386795e-12 3.630881293777837859e-05
2.452372600582729624e-12 3.715692341146187294e-05
2.492240544252259385e-12 3.802224752959271203e-05
2.532756616567517145e-12 3.890405881611797012e-05
2.573931354082504769e-12 3.980140816836619244e-05
2.615775464642790166e-12 4.071313356372729952e-05
2.658299830170172050e-12 4.163783620469985181e-05
2.701515509492621525e-12 4.257385651435657836e-05
2.745433741220204094e-12 4.352072755094138490e-05
2.790065946667852475e-12 4.448251904624889175e-05
2.835423732825468048e-12 4.546326740380995934e-05
2.881518895376489511e-12 4.646296226797769213e-05
2.928363421765447754e-12 4.748061393999858382e-05
2.975969494315399154e-12 4.851500463427110832e-05
3.024349493396050348e-12 4.956466193360709038e-05
3.073516000643350351e-12 5.062783222729155819e-05
3.123481802231547666e-12 5.170262575574652297e-05
3.174259892198209561e-12 5.279071540057606038e-05
3.225863475823526292e-12 5.389765322427048089e-05
3.278305973064429367e-12 5.502606140046079064e-05
3.331601022044571162e-12 5.617505099340946995e-05
3.385762482601038298e-12 5.734335022191533460e-05
3.440804439888690589e-12 5.852941561917957003e-05
3.496741208043234259e-12 5.973140295393447596e-05
3.553587333903579937e-12 6.094713536243523411e-05
3.611357600794980245e-12 6.217528377948366991e-05
3.670067032373529411e-12 6.342039877591659769e-05
3.729730896533200645e-12 6.468832055168266537e-05
3.790364709376386587e-12 6.597963273253376615e-05
3.851984239248975191e-12 6.729301180649627234e-05
3.914605510841148101e-12 6.862684495673870844e-05
3.978244809354579251e-12 6.997919951333420041e-05
4.042918684737651299e-12 7.134778823977838691e-05
4.108643955989381371e-12 7.273000900696185989e-05
4.175437715533348572e-12 7.412680681084110601e-05
4.243317333662730762e-12 7.554511944239672427e-05
4.312300463057558080e-12 7.698936148919227618e-05
4.382405043375579069e-12 7.845858082333734274e-05
4.453649305917431706e-12 7.995109729821286981e-05
4.526051778367974008e-12 8.146489169132131725e-05
4.599631289614540013e-12 8.299756884230791165e-05
4.674406974643554972e-12 8.454632069359452329e-05
4.750398279516747283e-12 8.610877645726794372e-05
4.827624966428236723e-12 8.768954558081853978e-05
4.906107118843999844e-12 8.929655902937400080e-05
4.985865146724541344e-12 9.093154689213817088e-05
5.066919791832814317e-12 9.259278309010909869e-05
5.149292133128265832e-12 9.427816340122630034e-05
5.233003592248600820e-12 9.598518757381047095e-05
5.318075939080660131e-12 9.771091987797325684e-05
5.404531297421832862e-12 9.945196300099878872e-05
5.492392150733693668e-12 1.012080621679220527e-04
5.581681347988785944e-12 1.029873891754198856e-04
5.672422109612857929e-12 1.047967341425357080e-04
5.764638033523483130e-12 1.066353247643966884e-04
5.858353101266914901e-12 1.085009735223296801e-04
5.953591684254638902e-12 1.103910778433789264e-04
6.050378550101548421e-12 1.123025782970160646e-04
6.148738869066724815e-12 1.142319139787045801e-04
6.248698220599340179e-12 1.161755394661345697e-04
6.350282599990773548e-12 1.181375165814832484e-04
6.453518425134910058e-12 1.201280033453697160e-04
6.558432543398346063e-12 1.221505757376048495e-04
6.665052238602236178e-12 1.242030913001998527e-04
6.773405238117855037e-12 1.262828472742422159e-04
6.883519720077086262e-12 1.283866650086951111e-04
6.995424320700548796e-12 1.305108432787804862e-04
7.109148141744661955e-12 1.326511102738639480e-04
7.224720758069793883e-12 1.348055912242449028e-04
7.342172225331483015e-12 1.369832540293047796e-04
7.461533087796595321e-12 1.391937515868857389e-04
7.582834386286848775e-12 1.414369565665082873e-04
7.706107666250921605e-12 1.437100690180742601e-04
7.831384985968336710e-12 1.460097956762357319e-04
7.958698924886426032e-12 1.483323025441019016e-04
8.088082592092921850e-12 1.506731649587658706e-04
8.219569634926230024e-12 1.530275990423643484e-04
8.353194247725695484e-12 1.553983833401037518e-04
8.488991180724304340e-12 1.577977878822328650e-04
8.626995749085497978e-12 1.602319951067923687e-04
8.767243842087388485e-12 1.626985544742401424e-04
8.909771932456003902e-12 1.651940646481761532e-04
9.054617085850358288e-12 1.677145680844122078e-04
9.201816970501682710e-12 1.702554995228131030e-04
9.351409867009310038e-12 1.728116353183206666e-04
9.503434678296155505e-12 1.753792548846097588e-04
9.657930939725323008e-12 1.779673346205476459e-04
9.814938829381929425e-12 1.805886084246186019e-04
9.974499178521659144e-12 1.832443422205357053e-04
1.013665348218928643e-11 1.859310367247832274e-04
1.030144391000985719e-11 1.886446209455813761e-04
1.046891331715513455e-11 1.913804062935106631e-04
1.063910525548879449e-11 1.941330318841888447e-04
1.081206398489200026e-11 1.968965038273984280e-04
1.098783448477386616e-11 1.996715827698516965e-04
1.116646246576867353e-11 2.024721773135965130e-04
1.134799438162330594e-11 2.053077505727654573e-04
1.153247744127794094e-11 2.081758564485697294e-04
1.171995962114307921e-11 2.110723238333556129e-04
1.191048967757653501e-11 2.139923575642591058e-04
1.210411715956247031e-11 2.169304840446070748e-04
1.230089242159735165e-11 2.198804951231841942e-04
1.250086663678498022e-11 2.228368253862980652e-04
1.270409181014453705e-11 2.258074270198653921e-04
1.291062079213488747e-11 2.288079459122280279e-04
1.312050729239873953e-11 2.318419438191582360e-04
1.333380589373065007e-11 2.349052459418091154e-04
1.355057206627122755e-11 2.379929719202658611e-04
1.377086218193294705e-11 2.410995624805706283e-04
1.399473352906009295e-11 2.442187267049644728e-04
1.422224432732707663e-11 2.473433963260038282e-04
1.445345374287894682e-11 2.504717864172251174e-04
1.468842190371799269e-11 2.536185546552216508e-04
1.492720991534092931e-11 2.567968090129157943e-04
1.516987987662929732e-11 2.600046903855415814e-04
1.541649489599922412e-11 2.632372598717694356e-04
1.566711910781321876e-11 2.664889083820246030e-04
1.592181768905886022e-11 2.697532997705046065e-04
1.618065687629863282e-11 2.730233212264801534e-04
1.644370398289520001e-11 2.762917956329533076e-04
1.671102741651727318e-11 2.795645813030364635e-04
1.698269669692897731e-11 2.828596014664147562e-04
1.725878247406943747e-11 2.861835336954998699e-04
1.753935654642589164e-11 2.895317620884435561e-04
1.782449187970539953e-11 2.928986623712132031e-04
1.811426262581030449e-11 2.962779019959893567e-04
1.840874414212187828e-11 2.996623900418174391e-04
1.870801301109819432e-11 3.030442230094396172e-04
1.901214706018928615e-11 3.064190034038280497e-04
1.932122538207738137e-11 3.098008522723905145e-04
1.963532835524545191e-11 3.132063176538857352e-04
1.995453766488039132e-11 3.166350037009935114e-04
2.027893632411590460e-11 3.200813150997655621e-04
2.060860869562069766e-11 3.235389756210613199e-04
2.094364051353823455e-11 3.270009761119005431e-04
2.128411890578180443e-11 3.304595275151755995e-04
2.163013241669351230e-11 3.339063185979901371e-04
2.198177103007073200e-11 3.373442850386904057e-04
2.233912619256729770e-11 3.407924718353619320e-04
2.270229083747490778e-11 3.442611287561153643e-04
2.307135940889112248e-11 3.477457063194230868e-04
2.344642788628096386e-11 3.512400358040984605e-04
2.382759380943629268e-11 3.547372560913225614e-04
2.421495630384244896e-11 3.582297653268382009e-04
2.460861610645658612e-11 3.617091739154601471e-04
2.500867559190514661e-11 3.651689933649865383e-04
2.541523879910730972e-11 3.686213519656436621e-04
2.582841145833097401e-11 3.720853108061944470e-04
2.624830101868957535e-11 3.755629241856128786e-04
2.667501667608409942e-11 3.790482256737434663e-04
2.710866940160108391e-11 3.825345775041802399e-04
2.754937197037147342e-11 3.860146506448544623e-04
2.799723899089874113e-11 3.894803825566714450e-04
2.845238693486381209e-11 3.929230101009789644e-04
2.891493416741435256e-11 3.963422456229603874e-04
2.938500097794743380e-11 3.997566037295119390e-04
2.986270961139062061e-11 4.031796179552946113e-04
3.034818429999362741e-11 4.066075480687880717e-04
3.084155129563578290e-11 4.100340264065957530e-04
3.134293890265893846e-11 4.134520524408241693e-04
3.185247751123407295e-11 4.168539562332540527e-04
3.237029963127021130e-11 4.202313600822488171e-04
3.289653992687562826e-11 4.235765947839947865e-04
3.343133525137707607e-11 4.268987446173419520e-04
3.397482468291058093e-11 4.302180423493839889e-04
3.452714956058968262e-11 4.335396825714266100e-04
3.508845352126186419e-11 4.368578930320429765e-04
3.565888253686257441e-11 4.401661571273307594e-04
3.623858495237624564e-11 4.434573624333484898e-04
3.682771152441571975e-11 4.467237695989778601e-04
3.742641546042617599e-11 4.499569800993780122e-04
3.803485245852920615e-11 4.531538462020853752e-04
3.865318074801311169e-11 4.563299033225123869e-04
3.928156113048181753e-11 4.595001275149238062e-04
3.992015702167270366e-11 4.626622144017558669e-04
4.056913449395401068e-11 4.658099725475331465e-04
4.122866231951453750e-11 4.689366780199766271e-04
4.189891201425256508e-11 4.720350492115124585e-04
4.258005788238119615e-11 4.750972208105719297e-04
4.327227706175740688e-11 4.781153683239142138e-04
4.397574956994824569e-11 4.810959631281822024e-04
4.469065835104596018e-11 4.840605601302283567e-04
4.541718932324387807e-11 4.870186255333114334e-04
4.615553142718730479e-11 4.899656099246335605e-04
4.690587667510723758e-11 4.928959529277021634e-04
4.766842020075613463e-11 4.958036554228439918e-04
4.844336031015370084e-11 4.986822595467524377e-04
4.923089853315824503e-11 5.015248262535687562e-04
5.003123967587607453e-11 5.043263868875491607e-04
5.084459187392286000e-11 5.070942427852637158e-04
5.167116664655248642e-11 5.098380098467678034e-04
5.251117895166229559e-11 5.125557188791624030e-04
5.336484724169620725e-11 5.152413350994963781e-04
5.423239352045475332e-11 5.178883945884393825e-04
5.511404340082916338e-11 5.204899897480533277e-04
5.601002616347387350e-11 5.230387547179721208e-04
5.692057481643250309e-11 5.255270761359634446e-04
5.784592615573533581e-11 5.279595066982750717e-04
5.878632082697762359e-11 5.303602309854188457e-04
5.974200338790332853e-11 5.327446535363794533e-04
6.071322237200376383e-11 5.351103002687665477e-04
6.170023035315127674e-11 5.374529691107299278e-04
6.270328401128299847e-11 5.397682008617399330e-04
6.372264419915218711e-11 5.420512681856629045e-04
6.475857601016720954e-11 5.442971711303104532e-04
6.581134884732855399e-11 5.465019669910961553e-04
6.688123649329136396e-11 5.486727104657904142e-04
6.796851718156419520e-11 5.508214513135697987e-04
6.907347366886636833e-11 5.529502143720652074e-04
7.019639330866123636e-11 5.550557038515036012e-04
7.133756812588421110e-11 5.571344172775466452e-04
7.249729489288855456e-11 5.591826802652591355e-04
7.367587520662072267e-11 5.611966395398029772e-04
7.487361556705496219e-11 5.631722767054508916e-04
7.609082745690073180e-11 5.651075684296458235e-04
7.732782742260690976e-11 5.670054770741048134e-04
7.858493715668202007e-11 5.688677010880979767e-04
7.986248358135269464e-11 5.706910002134454873e-04
8.116079893358483810e-11 5.724712781544280538e-04
8.248022085148154409e-11 5.742042591136559126e-04
8.382109246209074718e-11 5.758854851820455201e-04
8.518376247063793891e-11 5.775103225221581149e-04
8.656858525121014633e-11 5.790748121529548653e-04
8.797592093891358457e-11 5.805874254173476467e-04
8.940613552352956609e-11 5.820662799161172019e-04
9.085960094469573102e-11 5.835187476717282329e-04
9.233669518862848295e-11 5.849432790983460917e-04
9.383780238642378879e-11 5.863381040341550388e-04
9.536331291395353240e-11 5.877014606187891399e-04
9.691362349338576607e-11 5.890316020467564750e-04
9.848913729635610479e-11 5.903268067283182208e-04
1.000902640488149240e-10 5.915860326591096396e-04
1.017174201375830859e-10 5.928106323326853833e-04
1.033710287186328929e-10 5.940018850151690399e-04
1.050515198271359768e-10 5.951587562088717087e-04
1.067593304892969803e-10 5.962797103507208596e-04
1.084949048360061826e-10 5.973632562963973602e-04
1.102586942183394777e-10 5.984079572823319815e-04
1.120511573249352135e-10 5.994124441488918320e-04
1.138727603012833680e-10 6.003755229639431978e-04
1.157239768709459988e-10 6.012989425393799880e-04
1.176052884587563473e-10 6.021878467176236538e-04
1.195171843160164893e-10 6.030450577234267029e-04
1.214601616477317103e-10 6.038703734162556569e-04
1.234347257419126000e-10 6.046635569884536987e-04
1.254413901009789486e-10 6.054245262097704416e-04
1.274806765753038427e-10 6.061533671525912159e-04
1.295531154989201672e-10 6.068503531736074708e-04
1.316592458274419091e-10 6.075158368489194660e-04
1.337996152782235271e-10 6.081495320063995402e-04
1.359747804727985923e-10 6.087508453095705208e-04
1.381853070816336292e-10 6.093198341232466952e-04
1.404317699712352343e-10 6.098569794392369459e-04
1.427147533536523738e-10 6.103629782081079758e-04
1.450348509384004069e-10 6.108387586190727747e-04
1.473926660868638602e-10 6.112855028444427741e-04
1.497888119692051964e-10 6.117046520036917290e-04
1.522239117238244543e-10 6.120964113973947907e-04
1.546985986194123053e-10 6.124583158485588652e-04
1.572135162196357683e-10 6.127887793671293881e-04
1.597693185505066001e-10 6.130888019406852130e-04
1.623666702704602278e-10 6.133599011085080766e-04
1.650062468432100789e-10 6.136038931573647992e-04
1.676887347134066990e-10 6.138229153229562973e-04
1.704148314851534360e-10 6.140194480975802449e-04
1.731852461034247773e-10 6.141957973684539218e-04
1.760006990384319835e-10 6.143490347609581459e-04
1.788619224729927839e-10 6.144731501596945034e-04
1.817696604929341883e-10 6.145670010734988198e-04
1.847246692806036102e-10 6.146326808609894887e-04
1.877277173115193218e-10 6.146726636647795172e-04
1.907795855542189967e-10 6.146897941094256468e-04
1.938810676733571840e-10 6.146873137488628736e-04
1.970329702361038028e-10 6.146688876861386430e-04
2.002361129219039106e-10 6.146355240589790325e-04
2.034913287356342892e-10 6.145797334357466779e-04
2.067994642242391774e-10 6.144948160963989436e-04
2.101613796968805657e-10 6.143820726583412717e-04
2.135779494486689933e-10 6.142445219056921757e-04
2.170500619880319241e-10 6.140855966990932391e-04
2.205786202677757422e-10 6.139091709211341730e-04
2.241645419199131255e-10 6.137195909095977120e-04
2.278087594942921154e-10 6.135212445131238423e-04
2.315122207011192170e-10 6.133103903533665413e-04
2.352758886574186379e-10 6.130756293350400621e-04
2.391007421374990364e-10 6.128127579537040459e-04
2.429877758274918594e-10 6.125249368971047437e-04
2.469380005840270568e-10 6.122160061735049119e-04
2.509524436971211872e-10 6.118902781381413414e-04
2.550321491573234099e-10 6.115525708998426069e-04
2.591781779272205641e-10 6.112082436274951514e-04
2.633916082173479151e-10 6.108602012061120634e-04
2.676735357665877683e-10 6.104982385174290149e-04
2.720250741271249193e-10 6.101103542660510359e-04
2.764473549540344174e-10 6.096968389228546448e-04
2.809415282995851380e-10 6.092618231330615419e-04
2.855087629123099837e-10 6.088099333985824702e-04
2.901502465409561399e-10 6.083463250204854122e-04
2.948671862433677059e-10 6.078767186315225945e-04
2.996608087003915349e-10 6.074072093423810159e-04
3.045323605348860029e-10 6.069351841431550043e-04
3.094831086359141320e-10 6.064453514037851378e-04
3.145143404882173837e-10 6.059293184349709427e-04
3.196273645070242492e-10 6.053905678729751272e-04
3.248235103783239709e-10 6.048338912462217221e-04
3.301041294046597816e-10 6.042646225688647066e-04
3.354705948565478505e-10 6.036886755161965934e-04
3.409243023296074463e-10 6.031125818134266958e-04
3.464666701074951163e-10 6.025413103699153727e-04
3.520991395307520696e-10 6.019643315819875329e-04
3.578231753716214779e-10 6.013651578826578747e-04
3.636402662149861370e-10 6.007417086609928569e-04
3.695519248454840825e-10 6.000988274907984033e-04
3.755596886409225131e-10 5.994419327342848103e-04
3.816651199720851481e-10 5.987770307514517221e-04
3.878698066090378647e-10 5.981107532555263173e-04
3.941753621340530200e-10 5.974503419941268323e-04
4.005834263612193059e-10 5.967955540343919396e-04
4.070956657628997288e-10 5.961291970135174090e-04
4.137137739031098852e-10 5.954384171749579902e-04
4.204394718779438686e-10 5.947261564732062022e-04
4.272745087631601996e-10 5.939978101520276832e-04
4.342206620690404829e-10 5.932593614148065631e-04
4.412797382026593446e-10 5.925174198062668762e-04
4.484535729376372518e-10 5.917792619332673532e-04
4.557440318915615548e-10 5.910515605988819754e-04
4.631530110111536108e-10 5.903254088788084664e-04
4.706824370653258148e-10 5.895812201411401721e-04
4.783342681462547857e-10 5.888135444371417337e-04
4.861104941785961295e-10 5.880275155919420516e-04
4.940131374369959279e-10 5.872290348912026503e-04
5.020442530719797044e-10 5.864246264140685061e-04
5.102059296444257681e-10 5.856214779710947060e-04
5.185002896687103056e-10 5.848274815209095201e-04
5.269294901646851066e-10 5.840451630259937965e-04
5.354957232186295796e-10 5.832573490321957266e-04
5.442012165533178843e-10 5.824471500127589851e-04
5.530482341073720962e-10 5.816160517927923546e-04
5.620390766239971513e-10 5.807698020595247757e-04
5.711760822493232862e-10 5.799147629172440865e-04
5.804616271404575107e-10 5.790579502133116896e-04
5.898981260834198890e-10 5.782070774956252213e-04
5.994880331211501241e-10 5.773699841142149181e-04
6.092338421916568244e-10 5.765406239999631977e-04
6.191380877766449772e-10 5.756978082377475769e-04
6.292033455605864738e-10 5.748322136437528096e-04
6.394322331005665239e-10 5.739487897265041494e-04
6.498274105070005664e-10 5.730537061976112567e-04
6.603915811354122403e-10 5.721537756703740096e-04
6.711274922894892390e-10 5.712564956840415764e-04
6.820379359354917014e-10 5.703700928986407681e-04
6.931257494283910588e-10 5.694995633551205860e-04
7.043938162496996311e-10 5.686293745344461747e-04
7.158450667573651700e-10 5.677394954574019326e-04
7.274824789478338491e-10 5.668290116415952706e-04
7.393090792304979060e-10 5.659038506294900017e-04
7.513279432147647153e-10 5.649705702024179765e-04
7.635421965098390085e-10 5.640363978259219091e-04
7.759550155376361717e-10 5.631092738320048197e-04
7.885696283587846428e-10 5.621976940878986584e-04
8.013893155121311016e-10 5.612990278113239029e-04
8.144174108678732536e-10 5.603918643547686762e-04
8.276573024945513015e-10 5.594629512279680750e-04
8.411124335401767601e-10 5.585165024622404384e-04
8.547863031275870203e-10 5.575588105502585212e-04
8.686824672645044957e-10 5.565968199349041745e-04
8.828045397682422434e-10 5.556381699667045648e-04
8.971561932055391311e-10 5.546912405147777503e-04
9.117411598476341528e-10 5.537628634133470729e-04
9.265632326408729219e-10 5.528403573605567001e-04
9.416262661931248944e-10 5.519016515944663581e-04
9.569341777761362263e-10 5.509426369616626795e-04
9.724909483443449734e-10 5.499692361514915695e-04
9.883006235700859437e-10 5.489880771173197282e-04
1.004367314895739518e-09 5.480064621387267798e-04
1.020695200602938485e-09 5.470324122268804823e-04
1.037288526899158491e-09 5.460746817857325963e-04
1.054151609022020289e-09 5.451340553649930420e-04
1.071288832361422069e-09 5.441901375529481499e-04
1.088704653600100344e-09 5.432260818210923881e-04
1.106403601872549069e-09 5.422447292307355782e-04
1.124390279942895057e-09 5.412523903306001860e-04
1.142669365401882298e-09 5.402560291659710967e-04
1.161245611883307637e-09 5.392633059108434268e-04
1.180123850300288939e-09 5.382826224793399450e-04
1.199308990101491666e-09 5.373219992755237651e-04
1.218806020547993410e-09 5.363723386276261773e-04
1.238620012010686906e-09 5.354106424761556626e-04
1.258756117288922561e-09 5.344291588937968851e-04
1.279219572950524088e-09 5.334335247322019580e-04
1.300015700693596215e-09 5.324303428413806882e-04
1.321149908730524616e-09 5.314268883847561575e-04
1.342627693194327086e-09 5.304311527657909475e-04
1.364454639568096916e-09 5.294518897103958621e-04
1.386636424137458015e-09 5.284928506185462838e-04
1.409178815466774382e-09 5.275357632626501148e-04
1.432087675899310191e-09 5.265608786955630616e-04
1.455368963081767489e-09 5.255689451480957675e-04
1.479028731513678418e-09 5.245662100011247442e-04
1.503073134121816328e-09 5.235595682692509301e-04
1.527508423860460629e-09 5.225566058865566132e-04
1.552340955337419020e-09 5.215656446670088875e-04
1.577577186466648940e-09 5.205953223585413348e-04
1.603223680147683406e-09 5.196404246997909926e-04
1.629287105972359178e-09 5.186781223168249189e-04
1.655774241959359290e-09 5.176969450293375519e-04
1.682691976316764122e-09 5.167018569569997721e-04
1.710047309233558965e-09 5.156993610518634252e-04
1.737847354699958695e-09 5.146966244456777084e-04
1.766099342357526048e-09 5.137015216717111254e-04
1.794810619379285323e-09 5.127226802023113206e-04
1.823988652380409298e-09 5.117660374542448709e-04
1.853641029360040199e-09 5.108163739495977240e-04
1.883775461674469493e-09 5.098519857028999125e-04
1.914399786042729508e-09 5.088707745422721418e-04
1.945521966584453797e-09 5.078788384701715675e-04
1.977150096891075967e-09 5.068829257489360085e-04
2.009292402130633765e-09 5.058904633816474483e-04
2.041957241186773765e-09 5.049096011665657469e-04
2.075153108832627105e-09 5.039491372069229702e-04
2.108888637939782902e-09 5.030076791284129878e-04
2.143172601723555457e-09 5.020637350554649214e-04
2.178013916024363695e-09 5.011025078418551715e-04
2.213421641626451592e-09 5.001278337085912629e-04
2.249404986614204796e-09 4.991460741111813926e-04
2.285973308766778114e-09 4.981642415066087071e-04
2.323136117991749389e-09 4.971900428858699872e-04
2.360903078798071058e-09 4.962319244844193289e-04
2.399284012809637948e-09 4.952972152233725556e-04
2.438288901319307090e-09 4.943740679818689476e-04
2.477927887884700498e-09 4.934393628895153427e-04
2.518211280966106059e-09 4.924874217613062211e-04
2.559149556607267331e-09 4.915239554777600661e-04
2.600753361159855093e-09 4.905554287186822404e-04
2.643033514051946137e-09 4.895889628651201031e-04
2.686001010601967229e-09 4.886323790398924838e-04
2.729667024877911065e-09 4.876942335942657802e-04
2.774042912603351219e-09 4.867768012578738146e-04
2.819140214110572881e-09 4.858624579350198647e-04
2.864970657341715645e-09 4.849352579168325628e-04
2.911546160898827892e-09 4.839978040356227029e-04
2.958878837143178131e-09 4.830565183777252303e-04
3.006980995345466894e-09 4.821184727431399031e-04
3.055865144886728677e-09 4.811914317488161230e-04
3.105543998511610955e-09 4.802838977910409146e-04
3.156030475634413672e-09 4.794041099504611769e-04
3.207337705698865277e-09 4.785409403630785929e-04
3.259479031592668047e-09 4.776647718113813390e-04
3.312468013117178300e-09 4.767625558026802879e-04
3.366318430514067366e-09 4.758384142819274687e-04
3.421044288048743686e-09 4.748976020323217306e-04
3.476659817652395548e-09 4.739459486897829033e-04
3.533179482623104859e-09 4.729898982517369288e-04
3.590617981387127553e-09 4.720365501744844261e-04
3.648990251321472218e-09 4.710926938617659987e-04
3.708311472638214521e-09 4.701611296744137580e-04
3.768597072332599666e-09 4.692444258931824375e-04
3.829862728194686387e-09 4.683498170859473619e-04
3.892124372886612829e-09 4.674864750503840427e-04
3.955398198086003381e-09 4.666643906388184826e-04
4.019700658696724138e-09 4.658944239393086884e-04
4.085048477128263753e-09 4.651883568361561694e-04
4.151458647644226877e-09 4.645579198395005660e-04
4.218948440782241414e-09 4.639714682113313393e-04
4.287535407844990902e-09 4.633340437131747147e-04
4.357237385464729480e-09 4.625816290707226996e-04
4.428072500241822905e-09 4.617057945713945455e-04
4.500059173458692873e-09 4.607020916103515829e-04
4.573216125870594833e-09 4.595660279620300548e-04
4.647562382573751259e-09 4.582930806158388992e-04
4.723117277953452598e-09 4.568787103199842270e-04
4.799900460711769397e-09 4.553351677754682858e-04
4.877931898977526712e-09 4.538001726755100385e-04
4.957231885499162011e-09 4.524635780482552661e-04
5.037821042921987763e-09 4.514080399816919331e-04
5.119720329151474198e-09 4.506672155174390459e-04
5.202951042803129589e-09 4.502769222217289924e-04
5.287534828741901352e-09 4.502754976193207304e-04
5.373493683710704182e-09 4.507039378555469100e-04
5.460849962051053105e-09 4.516049589436410550e-04
5.549626381516461530e-09 4.528548367786558448e-04
5.639846029180344679e-09 4.539603129384353619e-04
5.731532367440220905e-09 4.545055089079305666e-04
5.824709240118865198e-09 4.543965640488312197e-04
5.919400878665661556e-09 4.535780524958996085e-04
6.015631908457762969e-09 4.519913338581343920e-04
6.113427355204323906e-09 4.495744777962898397e-04
6.212812651454630805e-09 4.462622042354161267e-04
6.313813643211989280e-09 4.420120117815118377e-04
6.416456596655436786e-09 4.371120877581721742e-04
6.520768204969988005e-09 4.320822036512836362e-04
6.626775595289069912e-09 4.271588125784805956e-04
6.734506335748667577e-09 4.223677701712807986e-04
6.843988442656858362e-09 4.177328103998761977e-04
6.955250387779683275e-09 4.132797954199615709e-04
7.068321105745407719e-09 4.090368590032450458e-04
7.183230001569411657e-09 4.050345769231328275e-04
7.300006958300943317e-09 4.013798387231606868e-04
7.418682344794643180e-09 3.984365242728563072e-04
7.539287023608184051e-09 3.965835748953802642e-04
7.661852359028343333e-09 3.959890469793780898e-04
7.786410225227555595e-09 3.967819438440017832e-04
7.912993014553007602e-09 3.990991236982946444e-04
8.041633645950790426e-09 4.030857521620662132e-04
8.172365573526389953e-09 4.088957999289558054e-04
8.305222795244949407e-09 4.166605924378202763e-04
8.440239861772705129e-09 4.257275898559356730e-04
8.577451885462136719e-09 4.345761970744391189e-04
8.716894549483276688e-09 4.422949281555205170e-04
8.858604117103346820e-09 4.487248740901519928e-04
9.002617441117571724e-09 4.537344657341985110e-04
9.148971973432732936e-09 4.571836106859045179e-04
9.297705774807063470e-09 4.589235336011771027e-04
9.448857524748241395e-09 4.587966861535341945e-04
9.602466531572311403e-09 4.567713873538728486e-04
9.758572742626168106e-09 4.535398756706915391e-04
9.917216754676135551e-09 4.499685213180740218e-04
1.007843982446577464e-08 4.462769282861031583e-04
1.024228387944464069e-08 4.424625429369430374e-04
1.040879152867216996e-08 4.385229310044022610e-04
1.057800607389844228e-08 4.344559401254846631e-04
1.074997152082519289e-08 4.302597370924587938e-04
1.092473259054985790e-08 4.259346069574523885e-04
1.110233473119563275e-08 4.215916957404919341e-04
1.128282412973090545e-08 4.175292451030210295e-04
1.146624772398018213e-08 4.139817198069925541e-04
1.165265321483091046e-08 4.110289509356088167e-04
1.184208907863850045e-08 4.087409068206232510e-04
1.203460457983294914e-08 4.071921960459648493e-04
1.223024978373052323e-08 4.064623084224228133e-04
1.242907556955359851e-08 4.066358676569764574e-04
1.263113364366253704e-08 4.077528067707170134e-04
1.283647655300191997e-08 4.094101386231605022e-04
1.304515769876611386e-08 4.109799286693693876e-04
1.325723135028666869e-08 4.122178402979417844e-04
1.347275265914551135e-08 4.130912769707492660e-04
1.369177767351758412e-08 4.135674416277101972e-04
1.391436335274657769e-08 4.136114740779101018e-04
1.414056758215807501e-08 4.131863784823316954e-04
1.437044918811252610e-08 4.122532451978425105e-04
1.460406795330398495e-08 4.108632535550701959e-04
1.484148463230698901e-08 4.093018546610927011e-04
1.508276096737630109e-08 4.078249164659458748e-04
1.532795970450354719e-08 4.064831669483709442e-04
1.557714460973470239e-08 4.052971332796154180e-04
1.583038048575348551e-08 4.042889070825575470e-04
1.608773318873314743e-08 4.034822295509651879e-04
1.634926964546343425e-08 4.029025786462872571e-04
1.661505787075530454e-08 4.025710269884297254e-04
1.688516698512880694e-08 4.024117405170904438e-04
1.715966723278846598e-08 4.022680393894403905e-04
1.743862999989074204e-08 4.020644261065256519e-04
1.772212783310915721e-08 4.017976689118032962e-04
1.801023445849990276e-08 4.014666089765597801e-04
1.830302480067542256e-08 4.010701852584300231e-04
1.860057500228913544e-08 4.006074502731910014e-04
1.890296244383693140e-08 4.000775872345652129e-04
1.921026576378066271e-08 3.994858100757892050e-04
1.952256487899862949e-08 3.988611046098974877e-04
1.983994100556916093e-08 3.982350016330515885e-04
2.016247667989078294e-08 3.976186544168910930e-04
2.049025578014703895e-08 3.970185510597870615e-04
2.082336354811959662e-08 3.964417930427399650e-04
2.116188661135610927e-08 3.958961345885067540e-04
2.150591300569848979e-08 3.953900231044860103e-04
2.185553219817717888e-08 3.949320534638867120e-04
2.221083511027850150e-08 3.945122359721858762e-04
2.257191414158857917e-08 3.940965205184651654e-04
2.293886319382333371e-08 3.936654191692146032e-04
2.331177769524823203e-08 3.932212082131264497e-04
2.369075462549525633e-08 3.927678546899737722e-04
2.407589254078327699e-08 3.923097635942021655e-04
2.446729159954828358e-08 3.918518085132063900e-04
2.486505358849113689e-08 3.913993632821965996e-04
2.526928194904705405e-08 3.909564824104427849e-04
2.568008180428711029e-08 3.905157464335132222e-04
2.609755998625626362e-08 3.900659979971243807e-04
2.652182506375590325e-08 3.896067011408821390e-04
2.695298737057815755e-08 3.891419540343610262e-04
2.739115903419891021e-08 3.886763085707151122e-04
2.783645400493829576e-08 3.882147925101803176e-04
2.828898808559335649e-08 3.877629418656339255e-04
2.874887896155421944e-08 3.873267622335058169e-04
2.921624623140914711e-08 3.869057902899028512e-04
2.969121143804705127e-08 3.864864459844283284e-04
3.017389810026586744e-08 3.860593780575238831e-04
3.066443174489439672e-08 3.856274580507842997e-04
3.116293993943755448e-08 3.851952926368015784e-04
3.166955232525005175e-08 3.847679637034306932e-04
3.218440065125169139e-08 3.843510604134708908e-04
3.270761880818949342e-08 3.839507123308411041e-04
3.323934286345724752e-08 3.835721806368305731e-04
3.377971109648089007e-08 3.832056756995147473e-04
3.432886403467912917e-08 3.828321938547513126e-04
3.488694449000975311e-08 3.824461433159925816e-04
3.545409759610758487e-08 3.820509162785618029e-04
3.603047084602881282e-08 3.816504212200491630e-04
3.661621413060749473e-08 3.812489927531789724e-04
3.721147977743605366e-08 3.808514214720115643e-04
3.781642259047927522e-08 3.804629804657483350e-04
3.843119989033226143e-08 3.800856945775782370e-04
3.905597155513398166e-08 3.797108160467979610e-04
3.969090006214341498e-08 3.793304536967370688e-04
4.033615052999420562e-08 3.789469073431292467e-04
4.099189076163491882e-08 3.785647070181363816e-04
4.165829128796768862e-08 3.781888466777016955e-04
4.233552541219616301e-08 3.778248153312041557e-04
4.302376925489428083e-08 3.774786292678536381e-04
4.372320179980910852e-08 3.771560710669405458e-04
4.443400494040529398e-08 3.768475913259808352e-04
4.515636352716929570e-08 3.765285640973323189e-04
4.589046541568094437e-08 3.761871389315676883e-04
4.663650151546696809e-08 3.758251334644441277e-04
4.739466583964869696e-08 3.754451794225135974e-04
4.816515555539640120e-08 3.750502469587052579e-04
4.894817103520578712e-08 3.746436705030428693e-04
4.974391590900448625e-08 3.742291755632967676e-04
5.055259711710913749e-08 3.738122884539146762e-04
5.137442496404172470e-08 3.734055022813209668e-04
5.220961317322094561e-08 3.730229161440570818e-04
5.305837894254298521e-08 3.726734032385367601e-04
5.392094300086523944e-08 3.723647416339903593e-04
5.479752966541025423e-08 3.721053782927488673e-04
5.568836690009916399e-08 3.719044688839379109e-04
5.659368637483708936e-08 3.717719181440121146e-04
5.751372352576061871e-08 3.717174460962230365e-04
5.844871761646488330e-08 3.717071449850437026e-04
5.939891180022626671e-08 3.716419763954842415e-04
6.036455318323592897e-08 3.714530787240905019e-04
6.134589288886373969e-08 3.711280752178511277e-04
6.234318612296244040e-08 3.706584755662281627e-04
6.335669224023787727e-08 3.700354047899423460e-04
6.438667481169595171e-08 3.692496007655574064e-04
6.543340169318657783e-08 3.682914145336571576e-04
6.649714509506188534e-08 3.671708125605813167e-04
6.757818165296642902e-08 3.660510705466371584e-04
6.867679249978046147e-08 3.651613535273212641e-04
6.979326333872824678e-08 3.645998224604748983e-04
7.092788451767956564e-08 3.644028714959446358e-04
7.208095110465652195e-08 3.646091172081339371e-04
7.325276296456873236e-08 3.652598478948096417e-04
7.444362483719562640e-08 3.663991593770149491e-04
7.565384641643622537e-08 3.680729873330595980e-04
7.688374243084981283e-08 3.701397703953224205e-04
7.813363272550054604e-08 3.720317978186254981e-04
7.940384234513818247e-08 3.732637822604426003e-04
8.069470161872814310e-08 3.737200462047771121e-04
8.200654624535646894e-08 3.733298945823998460e-04
8.333971738153117754e-08 3.720183163832754825e-04
8.469456172990237329e-08 3.697058974357833594e-04
8.607143162942781935e-08 3.663087629301731152e-04
8.747068514699786801e-08 3.617736348910036148e-04
8.889268617055644972e-08 3.565056190805299119e-04
9.033780450373257333e-08 3.512406222443281711e-04
9.180641596201093818e-08 3.463260684526126010e-04
9.329890247046614245e-08 3.418126403005386504e-04
9.481565216308465488e-08 3.377485478532823993e-04
9.635705948370521488e-08 3.341859344614395155e-04
9.792352528859351664e-08 3.311811315837506764e-04
9.951545695069074939e-08 3.287949237827519910e-04
1.011332684655539669e-07 3.270774146883481670e-04
1.027773805590188850e-07 3.260308315071111518e-04
1.044482207966137087e-07 3.256634937490177073e-04
1.061462236947502584e-07 3.260377754004811779e-04
1.078718308337266487e-07 3.272310882423828948e-04
1.096254909725596116e-07 3.293255088167371114e-04
1.114076601656912365e-07 3.324079718496075753e-04
1.132188018815889226e-07 3.365704685790865680e-04
1.150593871232745405e-07 3.418890651456507612e-04
1.169298945508127686e-07 3.478973669939350311e-04
1.188308106057899694e-07 3.535138579192076413e-04
1.207626296378205590e-07 3.580717926043863741e-04
1.227258540331024807e-07 3.614329787752293410e-04
1.247209943450697616e-07 3.634772375550460177e-04
1.267485694271659851e-07 3.640759680212032889e-04
1.288091065677762559e-07 3.630919119627026848e-04
1.309031416273533108e-07 3.603789790482675448e-04
1.330312191777718030e-07 3.559803729100280423e-04
1.351938926439522898e-07 3.510406771486881961e-04
1.373917244477788011e-07 3.469957327651360113e-04
1.396252861543653619e-07 3.443209603791116957e-04
1.418951586206950815e-07 3.431576124126797800e-04
1.442019321466774674e-07 3.436561642428670460e-04
1.465462066286607863e-07 3.459771862387162056e-04
1.489285917154391212e-07 3.502920155056057916e-04
1.513497069668012695e-07 3.567687819818407546e-04
1.538101820146461234e-07 3.646057103930885890e-04
1.563106567267281948e-07 3.713289268037142654e-04
1.588517813730595134e-07 3.750608292185445003e-04
1.614342167950180875e-07 3.753608379233608350e-04
1.640586345772054893e-07 3.719035234036813242e-04
1.667257172220967629e-07 3.643443678111729644e-04
1.694361583275360734e-07 3.523204731591747518e-04
1.721906627671054902e-07 3.354517208253582350e-04
1.749899468734386137e-07 3.138046531966989794e-04
1.778347386245071017e-07 2.916827440689537254e-04
1.807257778329384893e-07 2.756021546419448742e-04
1.836638163384100875e-07 2.684533523465704175e-04
1.866496182031704984e-07 2.711036544556164052e-04
1.896839599107458423e-07 2.844713930066217200e-04
1.927676305678629884e-07 3.095580507991232966e-04
1.959014321096686979e-07 3.474644821995429012e-04
1.990861795082787704e-07 3.993982960833683538e-04
2.023227009847183132e-07 4.621415344331913921e-04
2.056118382243078469e-07 5.205438468207229663e-04
2.089544465955495892e-07 5.605862682847087552e-04
2.123513953725786885e-07 5.784351136702906016e-04
2.158035679612172855e-07 5.718245591091394853e-04
2.193118621287172982e-07 5.384754400574037758e-04
2.228771902372313685e-07 4.761609883174311442e-04
2.265004794810801052e-07 3.827874747507273301e-04
2.301826721278775883e-07 2.574020133285642720e-04
2.339247257635736332e-07 1.139839721342461587e-04
2.377276135414897356e-07 -2.154011188156002010e-05
2.415923244353855702e-07 -1.364651768910873919e-04
2.455198634966571038e-07 -2.293851551491143947e-04
2.495112521157068224e-07 -2.988173251312689627e-04
2.535675282875655081e-07 -3.427775712519232076e-04
2.576897468818315010e-07 -3.586386934256863279e-04
2.618789799169969309e-07 -3.429261901681315838e-04
2.661363168392426825e-07 -2.939050320044933606e-04
2.704628648057473579e-07 -2.211717096215898293e-04
2.748597489726202459e-07 -1.364852926360252128e-04
2.793281127875062585e-07 -4.280318137481892160e-05
2.838691182869487066e-07 5.909411476257009355e-05
2.884839463985879965e-07 1.681735047684290718e-04
2.931737972482689899e-07 2.832100958252703471e-04
2.979398904721530040e-07 4.028628242947335236e-04
3.027834655338818340e-07 5.255989992237752872e-04
3.077057820469196358e-07 6.448273135098228637e-04
3.127081201021238063e-07 7.480508028550048039e-04
3.177917806006442321e-07 8.278174708376377644e-04
3.229580855922330123e-07 8.828093835220249264e-04
3.282083786190531208e-07 9.113340665019425968e-04
3.335440250650879143e-07 9.109471152904877189e-04
3.389664125112056968e-07 8.784571384779851777e-04
3.444769510960227543e-07 8.099182514577016323e-04
3.500770738826189111e-07 7.033463226102099064e-04
3.557682372312184739e-07 5.746569375144477965e-04
3.615519211779285732e-07 4.469943468210155202e-04
3.674296298196334757e-07 3.290329911452838374e-04
3.734028917051579464e-07 2.230927136753005358e-04
3.794732602327639288e-07 1.314151825429349385e-04
3.856423140541358152e-07 5.615432665702357884e-05
3.919116574849195817e-07 -6.434923752601795499e-07
3.982829209219389771e-07 -3.706471240938480349e-05
4.047577612671941712e-07 -5.266776148925289558e-05
4.113378623587509079e-07 -4.970557091751870438e-05
4.180249354086483341e-07 -2.957296568337902665e-05
4.248207194478969167e-07 8.919707822720168711e-06
4.317269817787406735e-07 6.753058537989353738e-05
4.387455184342558740e-07 1.483935400613256572e-04
4.458781546454218410e-07 2.541091413390539344e-04
4.531267453158041441e-07 3.878604392013457192e-04
4.604931755039032809e-07 5.520407005297489622e-04
4.679793609134248126e-07 7.322752260441323102e-04
4.755872483914390797e-07 9.022053873256954959e-04
4.833188164346929236e-07 1.047715408450791696e-03
4.911760757041297916e-07 1.163914834616378013e-03
4.991610695477778391e-07 1.246569785165171917e-03
5.072758745321563257e-07 1.292176209596734848e-03
5.155226009822662123e-07 1.298123258183923878e-03
5.239033935304486649e-07 1.262807956194399173e-03
5.324204316740750406e-07 1.189909747137379153e-03
5.410759303423625958e-07 1.095601589689198380e-03
5.498721404723818775e-07 9.932502963890810221e-04
5.588113495944286995e-07 8.823938333473828333e-04
5.678958824269357212e-07 7.600709320246465395e-04
5.771281014809918153e-07 6.230644518834781154e-04
5.865104076747894026e-07 4.677271190582088511e-04
5.960452409579598378e-07 2.897812124425525049e-04
6.057350809461235893e-07 8.485909374834899044e-05
6.155824475657310222e-07 -1.351288277158524398e-04
6.255899017093870133e-07 -3.394999222063183053e-04
6.357600459018563352e-07 -5.070881847043656743e-04
6.460955249768218051e-07 -6.297107836562773620e-04
6.565990267647600585e-07 -7.002410792088104019e-04
6.672732827918846565e-07 -7.122276480661382525e-04
6.781210689905266776e-07 -6.599550512347354680e-04
6.891452064210340060e-07 -5.383952481921236433e-04
7.003485620054100717e-07 -3.505335266123649207e-04
7.117340492729014738e-07 -1.353754256195466299e-04
7.233046291176373997e-07 6.247003394166394941e-05
7.350633105687026410e-07 2.312791157272689468e-04
7.470131515726051370e-07 3.687566125781041593e-04
7.591572597885502319e-07 4.720116195751772326e-04
7.714987933966049751e-07 5.375788439541742680e-04
7.840409619190080534e-07 5.614685657856013923e-04
7.967870270548592454e-07 5.395088888395446758e-04
8.097403035282922628e-07 4.796553770071917966e-04
8.229041599505764144e-07 4.086197784019945933e-04
8.362820196960882216e-07 3.449500070156139020e-04
8.498773617926200206e-07 2.910589072338473637e-04
8.636937218261261343e-07 2.481329990994818324e-04
8.777346928601743844e-07 2.173955252096904101e-04
8.920039263703842617e-07 2.001145259038772384e-04
9.065051331939590134e-07 1.976141764803429623e-04
9.212420844948052531e-07 2.104270054863882633e-04
9.362186127441875792e-07 2.323571566138493694e-04
9.514386127174302319e-07 2.542730270320980868e-04
9.669060425067784453e-07 2.729211976473105983e-04
9.826249245507265434e-07 2.879329227767138399e-04
9.985993466801261821e-07 2.989241811316711850e-04
1.014833463181181146e-06 3.054789190187826020e-04
1.031331495875905741e-06 3.071486555770996940e-04
1.048097735219969067e-06 3.034582571737193257e-04
1.065136541418498088e-06 2.949801552479050515e-04
1.082452345559980514e-06 2.847475758791795375e-04
1.100049650768602945e-06 2.753425069407719472e-04
1.117933033375359259e-06 2.671964877685728545e-04
1.136107144108086370e-06 2.604577358595733250e-04
1.154576709301029613e-06 2.552844319556255015e-04
1.173346532123885849e-06 2.518452925422548505e-04
1.192421493830943711e-06 2.503201835266852249e-04
1.211806555030490797e-06 2.508412606898463570e-04
1.231506756974853110e-06 2.527396932954645292e-04
1.251527222871460178e-06 2.547488072800890846e-04
1.271873159215082620e-06 2.562750351408349392e-04
1.292549857141949197e-06 2.572568063250735282e-04
1.313562693805656122e-06 2.576407206828085217e-04
1.334917133775583727e-06 2.573697611995204304e-04
1.356618730457999853e-06 2.563831803216592986e-04
1.378673127540259065e-06 2.546164032688688628e-04
1.401086060458541348e-06 2.519709465493916167e-04
1.423863357889292898e-06 2.482353280934476714e-04
1.447010943265165005e-06 2.431854016966966681e-04
1.470534836315341148e-06 2.366827298876383878e-04
1.494441154631069017e-06 2.286021438820118323e-04
1.518736115256587027e-06 2.188106584197560545e-04
1.543426036305907343e-06 2.071673845909158262e-04
1.568517338605947569e-06 1.935235284200795269e-04
1.594016547366204845e-06 1.777625963620479976e-04
1.619930293875847345e-06 1.608428602999228962e-04
1.646265317228115174e-06 1.449673762329226068e-04
1.673028466072934236e-06 1.315281158277767370e-04
1.700226700397956532e-06 1.208548507192278021e-04
1.727867093338556279e-06 1.132441073868062364e-04
1.755956833017313573e-06 1.090160889269040090e-04
1.784503224413218955e-06 1.085170335552443355e-04
1.813513691261566196e-06 1.121219196043715671e-04
1.842995777984422333e-06 1.199821330618924820e-04
1.872957151652683354e-06 1.308079883249602116e-04
1.903405603979947405e-06 1.429123856663966352e-04
1.934349053348805427e-06 1.558738986647267843e-04
1.965795546870151894e-06 1.697336877880123440e-04
1.997753262475755357e-06 1.845341790558049921e-04
2.030230511045192903e-06 2.003185558113740328e-04
2.063235738567012156e-06 2.171306728919394913e-04
2.096777528335257115e-06 2.350087677729442714e-04
2.130864603181609190e-06 2.535520247281541906e-04
2.165505827743820206e-06 2.715945646999118335e-04
2.200710210771119669e-06 2.882381405047429457e-04
2.236486907466839814e-06 3.032448821689986973e-04
2.272845221869528980e-06 3.164250355352365984e-04
2.309794609272374167e-06 3.275721631862613115e-04
2.347344678682207565e-06 3.364624935125390404e-04
2.385505195318397321e-06 3.428544020857154928e-04
2.424286083152359460e-06 3.465328410556037242e-04
2.463697427488461351e-06 3.476897991038369051e-04
2.503749477586594951e-06 3.467329936214375019e-04
2.544452649327837774e-06 3.436988021697368056e-04
2.585817527922991929e-06 3.384020550967689611e-04
2.627854870665452641e-06 3.306454080792345374e-04
2.670575609728715397e-06 3.202217667509291155e-04
2.713990855009362834e-06 3.069148323771100917e-04
2.758111897016384335e-06 2.905025024395602173e-04
2.802950209807161630e-06 2.718552110915276043e-04
2.848517453971663276e-06 2.547803720626615198e-04
2.894825479664672259e-06 2.427861629563099477e-04
2.941886329687612041e-06 2.368229281504430350e-04
2.989712242620366595e-06 2.374669930353331959e-04
3.038315656004009248e-06 2.453465719314470994e-04
3.087709209575389847e-06 2.611492084420505289e-04
3.137905748553983847e-06 2.856306593897947610e-04
3.188918326982692751e-06 3.194097284908575807e-04
3.240760211122430289e-06 3.594995414618745722e-04
3.293444882902232877e-06 3.996928212429695648e-04
3.346986043425331005e-06 4.366632879707552095e-04
3.401397616532213656e-06 4.698343419545017441e-04
3.456693752421766580e-06 4.987018698809492223e-04
3.512888831330885056e-06 5.227536947839742099e-04
3.569997467274517385e-06 5.414741926389396443e-04
3.628034511845903185e-06 5.543494440019489100e-04
3.687015058078972491e-06 5.611156985423360055e-04
3.746954444373400286e-06 5.625163019418108479e-04
3.807868258483462528e-06 5.593468312979840706e-04
3.869772341571898995e-06 5.514147037445626953e-04
3.932682792329244139e-06 5.382287397642238069e-04
3.996615971160819799e-06 5.192411547597364230e-04
4.061588504441088187e-06 4.938445210043995726e-04
4.127617288837631001e-06 4.613688273999438927e-04
4.194719495705239564e-06 4.211663335951451592e-04
4.262912575551443718e-06 3.757209505563796625e-04
4.332214262574821189e-06 3.318228912963308574e-04
4.402642579276593077e-06 2.941236288443033198e-04
4.474215841147959344e-06 2.636895207695291732e-04
4.546952661432860894e-06 2.413779416817196655e-04
4.620871955968670375e-06 2.280740633349986890e-04
4.695992948105385144e-06 2.246945808909994735e-04
4.772335173704792012e-06 2.321931361645226954e-04
4.849918486221108072e-06 2.507700366177062490e-04
4.928763061863668546e-06 2.752531672063351920e-04
5.008889404844400067e-06 2.985460039415660516e-04
5.090318352709741473e-06 3.182651492640783952e-04
5.173071081759797120e-06 3.340272274350783444e-04
5.257169112555389352e-06 3.454201726962452534e-04
5.342634315514617791e-06 3.519965816123141189e-04
5.429488916600650849e-06 3.532733024629308716e-04
5.517755503101347469e-06 3.487430749966047294e-04
5.607457029503823637e-06 3.391840215569846828e-04
5.698616823463536762e-06 3.280266466963305261e-04
5.791258591871033800e-06 3.180230790837609844e-04
5.885406427017101734e-06 3.096140122372456616e-04
5.981084812858120362e-06 3.029820940470759338e-04
6.078318631383558786e-06 2.983214980876447431e-04
6.177133169086255111e-06 2.958385912152430852e-04
6.277554123539013189e-06 2.957526664944462591e-04
6.379607610076994608e-06 2.982041475151978038e-04
6.483320168589437241e-06 3.022835347532421002e-04
6.588718770421567687e-06 3.064027773375804786e-04
6.695830825388668505e-06 3.098686472775905032e-04
6.804684188904465243e-06 3.126012756286059013e-04
6.915307169224663368e-06 3.145254173013006804e-04
7.027728534809418783e-06 3.155605650365170267e-04
7.141977521804281990e-06 3.156207800555227427e-04
7.258083841643557161e-06 3.146146768450500120e-04
7.376077688776989194e-06 3.126186583774850924e-04
7.495989748522000541e-06 3.102487851385157813e-04
7.617851205043965531e-06 3.081098579879176791e-04
7.741693749465334504e-06 3.063332513838570859e-04
7.867549588107924225e-06 3.049612497240256070e-04
7.995451450867840950e-06 3.040391591854277320e-04
8.125432599727486468e-06 3.036154598442392105e-04
8.257526837405531397e-06 3.037419583868730677e-04
8.391768516147553555e-06 3.044664234629415600e-04
8.528192546659945180e-06 3.056779444217533337e-04
8.666834407188068158e-06 3.071036287414785626e-04
8.807730152743544657e-06 3.085994321221016690e-04
8.950916424479966562e-06 3.101651856865506041e-04
9.096430459222090673e-06 3.118069030195042002e-04
9.244310099149517462e-06 3.135309575405392790e-04
9.394593801637799374e-06 3.153440935748375029e-04
9.547320649259970394e-06 3.172534360809178833e-04
9.702530359949533648e-06 3.192108623711470416e-04
9.860263297330439848e-06 3.208906176925749310e-04
1.002056048121322142e-05 3.219072060887603892e-04
1.018346359826289137e-05 3.221129412093390321e-04
1.034901501283981302e-05 3.214317005714451003e-04
1.051725777801708468e-05 3.197824309218513794e-04
1.068823564677661775e-05 3.170790154015182272e-04
1.086199308338759798e-05 3.132301900544282036e-04
1.103857527496991324e-05 3.081516414395399361e-04
1.121802814324522802e-05 3.023717868398667630e-04
1.140039835647947201e-05 2.973707930153876577e-04
1.158573334161925861e-05 2.942239047306338673e-04
1.177408129662581629e-05 2.931908069045419118e-04
1.196549120300905012e-05 2.944783786214058563e-04
1.216001283856571957e-05 2.983080353478259616e-04
1.235769679032471587e-05 3.049168730941201333e-04
1.255859446770242565e-05 3.145589440873355902e-04
1.276275811587230736e-05 3.271586267745846266e-04
1.297024082935165220e-05 3.398293374273220202e-04
1.318109656580946283e-05 3.483895706383605129e-04
1.339538016009829958e-05 3.510538640211086081e-04
1.361314733851470691e-05 3.472370131182289654e-04
1.383445473329148126e-05 3.363286553810657109e-04
1.405935989732507020e-05 3.176888703460001295e-04
1.428792131914286478e-05 2.906526051523888876e-04
1.452019843811360063e-05 2.545526472056483525e-04
1.475625165990525010e-05 2.122976822924171891e-04
1.499614237219371077e-05 1.752098100331334063e-04
1.523993296062740800e-05 1.531476286682278976e-04
1.548768682505132673e-05 1.486411809310805854e-04
1.573946839599439768e-05 1.633258357061073696e-04
1.599534315142541840e-05 1.990126231145375457e-04
1.625537763378105661e-05 2.577369398964468594e-04
1.651963946727101105e-05 3.418197491739730087e-04
1.678819737546391651e-05 4.526186733118248151e-04
1.706112119915969487e-05 5.730166365693761810e-04
1.733848191455240813e-05 6.712294188198630884e-04
1.762035165168790251e-05 7.301002275922688356e-04
1.790680371322199001e-05 7.447527351417543295e-04
1.819791259348366695e-05 7.106916973765586842e-04
1.849375399784760105e-05 6.237358666996567491e-04
1.879440486242222989e-05 4.802791798876257512e-04
1.909994337405752273e-05 2.775930308989080220e-04
1.941044899067841977e-05 2.319731252965751001e-05
1.972600246194814669e-05 -2.426559522709162420e-04
2.004668585026805541e-05 -4.810146466799058995e-04
2.037258255211888341e-05 -6.854886789207335906e-04
2.070377731974829038e-05 -8.560320935937400233e-04
2.104035628321170243e-05 -9.916240634335049542e-04
2.138240697277103114e-05 -1.090035383024483273e-03
2.173001834165797926e-05 -1.147385965735429891e-03
2.208328078920661553e-05 -1.157534967714889118e-03
2.244228618436275045e-05 -1.115742017970391964e-03
2.280712788957551016e-05 -1.021759316225591407e-03
2.317790078507649579e-05 -8.742583758170260899e-04
2.355470129355462225e-05 -6.709495288659411694e-04
2.393762740523139705e-05 -4.126218684839741413e-04
2.432677870334457395e-05 -1.033155981507230536e-04
2.472225639004504015e-05 2.503311054203732899e-04
2.512416331271558005e-05 6.402065367666978646e-04
2.553260399071752965e-05 1.050770880271490598e-03
2.594768464257135566e-05 1.428465320835094893e-03
2.636951321358007365e-05 1.715554232739047863e-03
2.679819940390118713e-05 1.898515203346148872e-03
2.723385469707551609e-05 1.973818739681585527e-03
2.767659238901888511e-05 1.932887696725272414e-03
2.812652761748600855e-05 1.763277302916723549e-03
2.858377739201331194e-05 1.449832155697647340e-03
2.904846062434774016e-05 9.766269210337644169e-04
2.952069815937111722e-05 3.759553015074204585e-04
3.000061280652672197e-05 -2.325981408770189107e-04
3.048832937175737016e-05 -7.577930871188534589e-04
3.098397468996166035e-05 -1.183675821051166643e-03
3.148767765797872098e-05 -1.501624527058008363e-03
3.199956926810938003e-05 -1.702025776748612718e-03
3.251978264218110268e-05 -1.772770949663611539e-03
3.304845306616796264e-05 -1.696906785912499771e-03
3.358571802537266380e-05 -1.455448382598409363e-03
3.413171724018125103e-05 -1.086838930837712158e-03
3.468659270239792344e-05 -6.709265401733388590e-04
3.525048871217156441e-05 -2.492131688865140138e-04
3.582355191552259445e-05 1.620383347271450725e-04
3.640593134247883391e-05 5.458338899804598965e-04
3.699777844583247130e-05 8.862420324506209424e-04
3.759924714052648544e-05 1.170271558037463966e-03
3.821049384368204122e-05 1.389076320086609501e-03
3.883167751527535628e-05 1.542181870007961614e-03
3.946295969947694754e-05 1.642587103959078365e-03
4.010450456666304908e-05 1.702157939266642911e-03
4.075647895610868160e-05 1.721259793168842395e-03
4.141905241937621039e-05 1.696339793154623410e-03
4.209239726440842466e-05 1.621763378346418455e-03
4.277668860033924354e-05 1.489891139672943482e-03
4.347210438303152188e-05 1.291019661646918698e-03
4.417882546135640980e-05 1.015200583161089687e-03
4.489703562422514159e-05 6.867167250984920757e-04
4.562692164838401502e-05 3.650954853017043811e-04
4.636867334698787513e-05 8.715269400734471095e-05
4.712248361896238905e-05 -1.361202190167040693e-04
4.788854849916971459e-05 -2.955544294391335147e-04
4.866706720938804553e-05 -3.830263291851113139e-04
4.945824221012145927e-05 -3.913940118981940053e-04
5.026227925325208113e-05 -3.142881132362010388e-04
5.107938743554651869e-05 -1.559080186094366494e-04
5.190977925303401493e-05 3.615073922265399364e-05
5.275367065626755539e-05 2.097986491638101358e-04
5.361128110648430737e-05 3.525324431523507718e-04
5.448283363267741246e-05 4.619452892250033860e-04
5.536855488959707580e-05 5.349991760835240417e-04
5.626867521669466057e-05 5.680598169000364295e-04
5.718342869802339431e-05 5.569596598515164088e-04
5.811305322311458618e-05 4.975151065989280585e-04
5.905779054884252821e-05 4.012051416804954251e-04
6.001788636229626796e-05 3.013261306895331781e-04
6.099359034467137828e-05 2.201302506479457799e-04
6.198515623620247980e-05 1.611926476686037502e-04
6.299284190215093614e-05 1.268930210464591646e-04
6.401690939986382216e-05 1.197053491682961712e-04
6.505762504692526652e-05 1.422509759009815689e-04
6.611525949041372114e-05 1.973696934323698748e-04
6.719008777728736339e-05 2.847410083549745119e-04
6.828238942591085138e-05 3.800359920889603838e-04
6.939244849874736624e-05 4.496495343529749444e-04
7.052055367623198754e-05 4.804734913220060077e-04
7.166699833184427763e-05 4.683440302421376655e-04
7.283208060840341228e-05 4.089671125423258169e-04
7.401610349560251386e-05 2.980609673888523492e-04
7.521937490880438589e-05 1.315813252282319046e-04
7.644220776911638936e-05 -9.385599579551928695e-05
7.768492008476892308e-05 -3.640339402551581727e-04
7.894783503381684749e-05 -6.305655939773877061e-04
8.023128104818336766e-05 -8.559447278504578316e-04
8.153559189907247753e-05 -1.034549476938664836e-03
8.286110678376853241e-05 -1.163595874683301390e-03
8.420817041384876737e-05 -1.239005791837749504e-03
8.557713310482631191e-05 -1.254818308992475262e-03
8.696835086725427549e-05 -1.202261816988452192e-03
8.838218549930966061e-05 -1.070395550736603918e-03
8.981900468088068487e-05 -8.700621233364916329e-04
9.127918206918570116e-05 -6.319665423173415064e-04
9.276309739594736526e-05 -3.740099406997626774e-04
9.427113656614279969e-05 -1.038290159197721718e-04
9.580369175836294402e-05 1.696920450201810926e-04
9.736116152680146095e-05 4.372080758590704552e-04
9.894395090490333924e-05 6.899954697922108804e-04
1.005524715106954599e-04 9.208459871139287878e-04
1.021871416538323705e-04 1.122691860487089882e-03
1.038483864443822308e-04 1.285355147772376111e-03
1.055366379033784494e-04 1.401574668893280223e-03
1.072523350751718554e-04 1.470544032429341175e-03
1.089959241416071884e-04 1.489971082555174159e-03
1.107678585380579122e-04 1.454992192793606171e-03
1.125685990713440966e-04 1.358359707526908544e-03
1.143986140395698397e-04 1.190470579341112306e-03
1.162583793539100307e-04 9.407550510983284098e-04
1.181483786623719874e-04 6.306314645632069005e-04
1.200691034755746580e-04 3.195449123098645372e-04
1.220210532945690103e-04 4.641953947794041913e-05
1.240047357407391261e-04 -1.779442041625126092e-04
1.260206666878113376e-04 -3.448183313403754835e-04
1.280693703960126314e-04 -4.464232308944854344e-04
1.301513796484105631e-04 -4.759203431819597485e-04
1.322672358894652275e-04 -4.272809935074103893e-04
1.344174893658384715e-04 -3.022184854394385778e-04
1.366026992694894442e-04 -1.388399132998749397e-04
1.388234338830990138e-04 1.820040881211210104e-05
1.410802707278537883e-04 1.575813011745613723e-04
1.433737967136367931e-04 2.782431081418054730e-04
1.457046082916602602e-04 3.787215307912705775e-04
1.480733116095747355e-04 4.571301465053287383e-04
1.504805226691048104e-04 5.111509695518920426e-04
1.529268674862448445e-04 5.380985877808247553e-04
1.554129822540621945e-04 5.384420527221392416e-04
1.579395135081409097e-04 5.180974716059091878e-04
1.605071182947209968e-04 4.807359323211884972e-04
1.631164643415704447e-04 4.252797335885169505e-04
1.657682302316302583e-04 3.503175537241179360e-04
1.684631055794880399e-04 2.545475976561406561e-04
1.712017912107170368e-04 1.368298827460409650e-04
1.739849993441342391e-04 -3.753747930698714264e-06
1.768134537770156404e-04 -1.647500660998044153e-04
1.796878900733274225e-04 -3.181659047918408700e-04
1.826090557550178438e-04 -4.250364307080839454e-04
1.855777104964127908e-04 -4.696115932429842377e-04
1.885946263217784210e-04 -4.470948163806352793e-04
1.916605878060913899e-04 -3.513164737634494328e-04
1.947763922790766739e-04 -1.739900466334598494e-04
1.979428500325564110e-04 9.621643501540877441e-05
2.011607845311750556e-04 4.748467206836873289e-04
2.044310326265508563e-04 9.519467865714489885e-04
2.077544447749015506e-04 1.440177245957054153e-03
2.111318852582163771e-04 1.851696510933517614e-03
2.145642324090180704e-04 2.153956767297661445e-03
2.180523788387840384e-04 2.326942569808587713e-03
2.215972316700732885e-04 2.357027409325980483e-03
2.251997127724330184e-04 2.238352415993807853e-03
2.288607590021422518e-04 1.973243767074264743e-03
2.325813224458437222e-04 1.574939385623166238e-03
2.363623706681457790e-04 1.101344369923751981e-03
2.402048869632441902e-04 6.290723700862338452e-04
2.441098706106397092e-04 1.747617035639734140e-04
2.480783371350041506e-04 -2.810737436248801624e-04
2.521113185702790016e-04 -7.577887963091840817e-04
2.562098637280671768e-04 -1.277422757128696823e-03
2.603750384703804998e-04 -1.869199098522306840e-03
2.646079259868296769e-04 -2.576972724207822474e-03
2.689096270763154171e-04 -3.443158195969714397e-03
2.732812604333042096e-04 -4.401247089836628212e-03
2.777239629387489857e-04 -5.331167168976018444e-03
2.822388899557475819e-04 -6.141412853375119441e-03
2.868272156300079052e-04 -6.740231699141320532e-03
2.914901331951886458e-04 -7.031780783528097933e-03
2.962288552832140404e-04 -6.935339776336445217e-03
3.010446142396269210e-04 -6.407513801931129238e-03
3.059386624440754081e-04 -5.462256883570514032e-03
3.109122726359987319e-04 -4.286180883909185974e-03
3.159667382456166464e-04 -3.190213697264049353e-03
3.211033737303011469e-04 -2.311435710628167994e-03
3.263235149164054661e-04 -1.624982266281351645e-03
3.316285193466615862e-04 -1.116472329173431866e-03
3.370197666332189093e-04 -7.903921667569667464e-04
3.424986588164289822e-04 -6.715158363633580429e-04
3.480666207294508155e-04 -8.084746025930830693e-04
3.537251003687947020e-04 -1.251040361459197781e-03
3.594755692708901350e-04 -1.881714359430679273e-03
3.653195228947637464e-04 -2.495976123951304526e-03
3.712584810109517881e-04 -2.988125299501508125e-03
3.772939880967263551e-04 -3.301646536232515083e-03
3.834276137377559159e-04 -3.391046369160259644e-03
3.896609530362811925e-04 -3.229882573903178344e-03
3.959956270259395853e-04 -2.814746851704137687e-03
4.024332830933327935e-04 -2.163989714762198924e-03
4.089755954064358589e-04 -1.369764108089796539e-03
4.156242653499841902e-04 -6.165055932881510770e-04
4.223810219679312110e-04 -1.114871352553628570e-05
4.292476224131059237e-04 4.558612870966677333e-04
4.362258524041680210e-04 7.910019371268478539e-04
4.433175266900027389e-04 9.881719835476386604e-04
4.505244895216672864e-04 1.030103065879566654e-03
4.578486151319947775e-04 8.892882761313558593e-04
4.652918082230109251e-04 5.391372553890869113e-04
4.728560044612646509e-04 5.453036191900573204e-05
4.805431709812220701e-04 -4.181347577415991945e-04
4.883553068968264155e-04 -8.032534220695983218e-04
4.962944438213900012e-04 -1.076688626935731752e-03
5.043626463959377049e-04 -1.218860174661669238e-03
5.125620128261245377e-04 -1.214553524209259494e-03
5.208946754278974672e-04 -1.052640534184370869e-03
5.293628011820274235e-04 -7.250890944162022289e-04
5.379685922976411598e-04 -2.558958545702053056e-04
5.467142867849317505e-04 2.477354057105196627e-04
5.556021590371680759e-04 6.908651461768368363e-04
5.646345204221791484e-04 1.057119294366165585e-03
5.738137198834333038e-04 1.341235728429368557e-03
5.831421445509063278e-04 1.535917053325834558e-03
5.926222203618821760e-04 1.632331060732378214e-03
6.022564126918264742e-04 1.620817733285997986e-03
6.120472269955355444e-04 1.494004778826989177e-03
6.219972094587004939e-04 1.284745470957176366e-03
6.321089476600703569e-04 1.061515307589029622e-03
6.423850712443611964e-04 8.586025331543400974e-04
6.528282526061273587e-04 6.776396623951255749e-04
6.634412075847441730e-04 5.196520100180235247e-04
6.742266961706743769e-04 3.861013649659114644e-04
6.851875232232355417e-04 2.788708421437788298e-04
6.963265392000210453e-04 2.002733475718679323e-04
7.076466408982004302e-04 1.508291819511814458e-04
7.191507722078380356e-04 1.214492214112738999e-04
7.308419248774857728e-04 1.017880594710307562e-04
7.427231392922216749e-04 9.030254891884831325e-05
7.547975052643100769e-04 8.791120985603834148e-05
7.670681628367475397e-04 9.554449301135692352e-05
7.795383030998509662e-04 1.141424072130178824e-04
7.922111690211396627e-04 1.446527201948294428e-04
8.050900562886787468e-04 1.879146426517902535e-04
8.181783141681629734e-04 2.401918014336978935e-04
8.314793463739281144e-04 2.914267872462378284e-04
8.449966119540995753e-04 3.348836497813409419e-04
8.587336261901599250e-04 3.693650811852008942e-04
8.726939615111216049e-04 3.939458392435563061e-04
8.868812484225786861e-04 4.075901389838723632e-04
9.012991764508366263e-04 4.091599678847160360e-04
9.159514951024105931e-04 3.974283355030958087e-04
9.308420148391293586e-04 3.721354977702165390e-04
9.459746080690568373e-04 3.404200796941134199e-04
9.613532101535608634e-04 3.123229623842663227e-04
9.769818204307296767e-04 2.914693431678855307e-04
9.928645032554492354e-04 2.786082417275681511e-04
1.009005389056349955e-03 2.745286336081273482e-04
1.025408675409974699e-03 2.800733825268700294e-04
1.042078628132402096e-03 2.961429099092235950e-04
1.059019582388591148e-03 3.236752097845047027e-04
1.076235943819788855e-03 3.603578009261920734e-04
1.093732189689248071e-03 3.968841637001299660e-04
1.111512870046597098e-03 4.255200414585297297e-04
1.129582608911092623e-03 4.445828190216202791e-04
1.147946105474150847e-03 4.530807830099986555e-04
1.166608135321419619e-03 4.499724862959408878e-04
1.185573551674691918e-03 4.341807867835612011e-04
1.204847286654042076e-03 4.046115646146042355e-04
1.224434352560456463e-03 3.606921204327220853e-04
1.244339843179344176e-03 3.080871851493527380e-04
1.264568935105194868e-03 2.565518019020315843e-04
1.285126889087807650e-03 2.103655061492792910e-04
1.306019051400408512e-03 1.699818831504829042e-04
1.327250855229970264e-03 1.358739021883118014e-04
1.348827822090173422e-03 1.086079777303655680e-04
1.370755563257317717e-03 8.885173705554944013e-05
1.393039781229599237e-03 7.738411308941955946e-05
1.415686271210068927e-03 7.467023548776013930e-05
1.438700922613736499e-03 7.983348002604806481e-05
1.462089720599179252e-03 9.203112003275393249e-05
1.485858747625005581e-03 1.116629575843713917e-04
1.510014185031668217e-03 1.393698510684659997e-04
1.534562314648968938e-03 1.757767339729127132e-04
1.559509520429717272e-03 2.214911648149783807e-04
1.584862290109909219e-03 2.771035676208677412e-04
1.610627216895927109e-03 3.429649094718184577e-04
1.636811001179179752e-03 4.142354268810502504e-04
1.663420452278565166e-03 4.806715645976275542e-04
1.690462490211310995e-03 5.362454685927386944e-04
1.717944147492577942e-03 5.797317932387385797e-04
1.745872570964344256e-03 6.099655302866033302e-04
1.774255023653973718e-03 6.256317782302664443e-04
1.803098886663042624e-03 6.252763680608536268e-04
1.832411661086877017e-03 6.073223614239467438e-04
1.862200969965242944e-03 5.717484705720365934e-04
1.892474560264806880e-03 5.271446249063768685e-04
1.923240304893787840e-03 4.840959846705850111e-04
1.954506204749403581e-03 4.456095946761481907e-04
1.986280390798529378e-03 4.122012497983149060e-04
2.018571126192250913e-03 3.844205593715802061e-04
2.051386808414784862e-03 3.628538419764779088e-04
2.084735971467277169e-03 3.481264663962382877e-04
2.118627288087170102e-03 3.408729657475920161e-04
2.153069572003609919e-03 3.399025786992096454e-04
2.188071780229562148e-03 3.410429896098798874e-04
2.223643015391117174e-03 3.413435067968692560e-04
2.259792528094720782e-03 3.404709992226792603e-04
2.296529719332910790e-03 3.383086186936612449e-04
2.333864142929067617e-03 3.347316480128079141e-04
2.371805508022007975e-03 3.296075258348227233e-04
2.410363681590906113e-03 3.227959978542860320e-04
2.449548691021329744e-03 3.142823803493899337e-04
2.489370726712889816e-03 3.051862525790538516e-04
2.529840144729369328e-03 2.971794750505907245e-04
2.570967469491935737e-03 2.909621745369669887e-04
2.612763396516051481e-03 2.867227602300764788e-04
2.655238795192963429e-03 2.846593363263344445e-04
2.698404711616410063e-03 2.849842732440266424e-04
2.742272371455193453e-03 2.879249672763928292e-04
2.786853182872555366e-03 2.937223557939391827e-04
2.832158739492942560e-03 3.020287080231290333e-04
2.878200823417074138e-03 3.110153620000111196e-04
2.924991408285914241e-03 3.190683042963785021e-04
2.972542662394554031e-03 3.258670769023114255e-04
3.020866951856710295e-03 3.312744563812516918e-04
3.069976843820578383e-03 3.351446043628539262e-04
3.119885109737069451e-03 3.373231538971455112e-04
3.170604728681115491e-03 3.376474391481101844e-04
3.222148890727031395e-03 3.359772634431296146e-04
3.274531000378647430e-03 3.326200126344547314e-04
3.327764680055289408e-03 3.282335307587883055e-04
3.381863773634450482e-03 3.230839883524780354e-04
3.436842350051934770e-03 3.171067025998647315e-04
3.492714706960654576e-03 3.102239174209639461e-04
3.549495374448836255e-03 3.023529433926683274e-04
3.607199118818739739e-03 2.934060424709949988e-04
3.665840946426694464e-03 2.832903687035800977e-04
3.725436107585660805e-03 2.722490196217577929e-04
3.786000100531253330e-03 2.618488469824445386e-04
3.847548675452106253e-03 2.537852948146790411e-04
3.910097838585901639e-03 2.486234797974135047e-04
3.973663856381899097e-03 2.466668240230715514e-04
4.038263259731224644e-03 2.482365294467075989e-04
4.103912848265789566e-03 2.536727231577315389e-04
4.170629694727213607e-03 2.633357661267765604e-04
4.238431149406794197e-03 2.775457989735857778e-04
4.307334844657497927e-03 2.947396924891793057e-04
4.377358699479478275e-03 3.110157526930654170e-04
4.448520924180026856e-03 3.238732964626761524e-04
4.520840025109383251e-03 3.328240143244884375e-04
4.594334809473386155e-03 3.374686988739314386e-04
4.669024390224484587e-03 3.373820127902105170e-04
4.744928191032280092e-03 3.321135768069929939e-04
4.822065951334727520e-03 3.211897875637775845e-04
4.900457731471599861e-03 3.045948854292351848e-04
4.980123917901325623e-03 2.852563958714235404e-04
5.061085228502735719e-03 2.670107770823895721e-04
5.143362717962817084e-03 2.510995065446094965e-04
5.226977783252214661e-03 2.377632257908462998e-04
5.311952169189762020e-03 2.272635642158529756e-04
5.398307974097292170e-03 2.198868853223803765e-04
5.486067655546570873e-03 2.159466231293344363e-04
5.575254036199552878e-03 2.157793731192500508e-04
5.665890309743672366e-03 2.191761802131167447e-04
5.758000046923462609e-03 2.248730514954541682e-04
5.851607201670377435e-03 2.319445649119553088e-04
5.946736117332286457e-03 2.404035583158103950e-04
6.043411533004040478e-03 2.503644970422366778e-04
6.141658589961186167e-03 2.619457193272223261e-04
6.241502838198107611e-03 2.752693118135418615e-04
6.342970243072620050e-03 2.904609787495390782e-04
6.446087192058359318e-03 3.075031271027039992e-04
6.550880501607136280e-03 3.248681373382925064e-04
6.657377424122840059e-03 3.401435203134808849e-04
6.765605655048538905e-03 3.522004037886869443e-04
6.875593340069011301e-03 3.606989943171004520e-04
6.987369082430213915e-03 3.652786198947502450e-04
7.100961950377911169e-03 3.655468886605423018e-04
7.216401484716971314e-03 3.610793084202409964e-04
7.333717706493782761e-03 3.514206171408434942e-04
7.452941124803567907e-03 3.369226729339758197e-04
7.574102744724363866e-03 3.203332283905693800e-04
7.697234075380300806e-03 3.042533772224520483e-04
7.822367138135713147e-03 2.891881413382285659e-04
7.949534474922739444e-03 2.752813536742171330e-04
8.078769156703923676e-03 2.626868398772352897e-04
8.210104792072707089e-03 2.515689039067556254e-04
8.343575535993722272e-03 2.421028306354780502e-04
8.479216098684900019e-03 2.344881524896230696e-04
8.617061754644279870e-03 2.291777127823232951e-04
8.757148351823394392e-03 2.268644598502067566e-04
8.899512320949968039e-03 2.280665344626814361e-04
9.044190685001830127e-03 2.331269082652964730e-04
9.191221068835178296e-03 2.424060757544102551e-04
9.340641708969319237e-03 2.562913997488855400e-04
9.492491463530261520e-03 2.751999431667845331e-04
9.646809822356149436e-03 2.995817347971746480e-04
9.803636917266966497e-03 3.293194496383211600e-04
9.963013532501232075e-03 3.615611246908650989e-04
1.012498111532210421e-02 3.929914659443548008e-04
1.028958178679621228e-02 4.226640078491203378e-04
1.045685835274770548e-02 4.503073920969907773e-04
1.062685431489005308e-02 4.756383482054163392e-04
1.079961388213920154e-02 4.983626277180880360e-04
1.097518198211038139e-02 5.181762042701862359e-04
1.115360427280211349e-02 5.347745858044899991e-04
1.133492715446970771e-02 5.481745671529966724e-04
1.151919778169215210e-02 5.588425673525854176e-04
1.170646407563523048e-02 5.669868068048644627e-04
1.189677473651355732e-02 5.723814645309313609e-04
1.209017925625566203e-02 5.747462159026994755e-04
1.228672793137471769e-02 5.737744917730727701e-04
1.248647187604873601e-02 5.691326936516083457e-04
1.268946303541301432e-02 5.604596256438415525e-04
1.289575419906901707e-02 5.477619409727726985e-04
1.310539901481292888e-02 5.339495588959908279e-04
1.331845200258694080e-02 5.231383493604635504e-04
1.353496856865776636e-02 5.169596331290882141e-04
1.375500502002567280e-02 5.158935234480452325e-04
1.397861857906730447e-02 5.204346243373667025e-04
1.420586739841705158e-02 5.310987140077078061e-04
1.443681057609005024e-02 5.484250866234358091e-04
1.467150817085133112e-02 5.729683085328104997e-04
1.491002121783430515e-02 6.036415567459083031e-04
1.515241174441363421e-02 6.357648754525893620e-04
1.539874278633616804e-02 6.654563475866070998e-04
1.564907840411355541e-02 6.919985224657226874e-04
1.590348369968202363e-02 7.150521161320005925e-04
1.616202483333251463e-02 7.342550946534340262e-04
1.642476904091652243e-02 7.492231790054010299e-04
1.669178465133097644e-02 7.595508121982091909e-04
1.696314110428796817e-02 7.650565364091116427e-04
1.723890896837327463e-02 7.686040529896048801e-04
1.751915995939803267e-02 7.751772208640997364e-04
1.780396695904922638e-02 7.871701662316710202e-04
1.809340403384313012e-02 8.050709952613574472e-04
1.838754645438717486e-02 8.293577322830009146e-04
1.868647071495433895e-02 8.605380460113068453e-04
1.899025455337632895e-02 8.991533622577929652e-04
1.929897697126019621e-02 9.457829997714314874e-04
1.961271825453293413e-02 9.987475515544352866e-04
1.993155999432088751e-02 1.048638074127319908e-03
2.025558510816795332e-02 1.085899680839462478e-03
2.058487786159943211e-02 1.107776502839837030e-03
2.091952389003548171e-02 1.112888803196682153e-03
2.125961022106159087e-02 1.099820826137826169e-03
2.160522529706106892e-02 1.067147912036624235e-03
2.195645899821482491e-02 1.013469745921542764e-03
2.231340266587574644e-02 9.380945669848553270e-04
2.267614912632269497e-02 8.559132865865598516e-04
2.304479271490106687e-02 7.983998523798802038e-04
2.341942930055504121e-02 7.843185349294054531e-04
2.380015631075935514e-02 8.174773959415404523e-04
2.418707275685645641e-02 9.013692481236595944e-04
2.458027925980467432e-02 1.040076230251832379e-03
2.497987807634598559e-02 1.238537946810856771e-03
2.538597312559854116e-02 1.502881813590206672e-03
2.579867001608210364e-02 1.828412255984599583e-03
2.621807607318188058e-02 2.144276985782893330e-03
2.664430036705975682e-02 2.360681951823442870e-03
2.707745374101913974e-02 2.443221128794845209e-03
2.751764884033021386e-02 2.377590647625431319e-03
2.796500014152460481e-02 2.151727577140723213e-03
2.841962398216591953e-02 1.757645515706007799e-03
2.888163859110461085e-02 1.193400712010087017e-03
2.935116411922390062e-02 4.660743557840171802e-04
2.982832267068627821e-02 -3.542310840510508319e-04
3.031323833468811332e-02 -1.117050691134605783e-03
3.080603721772945738e-02 -1.735937877802469498e-03
3.130684747640958415e-02 -2.220271482173821059e-03
3.181579935075493776e-02 -2.582363939227078770e-03
3.233302519808969877e-02 -2.829065531138055811e-03
3.285865952745572333e-02 -2.959087916857863071e-03
3.339283903459313446e-02 -2.955822601152471862e-03
3.393570263748956622e-02 -2.773711959562184803e-03
3.448739151250630047e-02 -2.363736656702079830e-03
3.504804913109284270e-02 -1.697189780254897140e-03
3.561782129709771538e-02 -7.757927235099090768e-04
3.619685618468643229e-02 3.237321876946239185e-04
3.678530437687477922e-02 1.450566813811289546e-03
3.738331890468957197e-02 2.445307266399431023e-03
3.799105528696609946e-02 3.210251614920334173e-03
3.860867157079134193e-02 3.730659994539850532e-03
3.923632837260601636e-02 4.056654466842463808e-03
3.987418891997396297e-02 4.269155485626827118e-03
4.052241909403151571e-02 4.417918555376296880e-03
4.118118747262539125e-02 4.504051478453008350e-03
4.185066537415327304e-02 4.514795748263886882e-03
4.253102690211709586e-02 4.431004647523384410e-03
4.322244899039925231e-02 4.227922102065601040e-03
4.392511144927638278e-02 3.874814367283391930e-03
4.463919701218025532e-02 3.338860431360241715e-03
4.536489138321987691e-02 2.665625011069767958e-03
4.610238328547435621e-02 1.984305865770016886e-03
4.685186451007260222e-02 1.380046698429414354e-03
4.761352996607067650e-02 8.836691620871875430e-04
4.838757773113855354e-02 5.189017604834839092e-04
4.917420910307266496e-02 3.036165419164627011e-04
4.997362865214474009e-02 2.502149758575253347e-04
5.078604427430275653e-02 3.666612095543017591e-04
5.161166724523507526e-02 6.378214781802490907e-04
5.245071227531498265e-02 9.701653890049968809e-04
5.330339756543855945e-02 1.268860731708978257e-03
5.416994486376854046e-02 1.515679150973791439e-03
5.505057952340268457e-02 1.709350875022126043e-03
5.594553056097828492e-02 1.847115946508104400e-03
5.685503071623081162e-02 1.924902426667741973e-03
5.777931651251864281e-02 1.937535498401973116e-03
5.871862831833361135e-02 1.879661372749519971e-03
5.967321040981154318e-02 1.766993650241591163e-03
6.064331103425699837e-02 1.642621288671056168e-03
6.162918247470332289e-02 1.533947469254913487e-03
6.263108111552004309e-02 1.444514829326191963e-03
6.364926750908928010e-02 1.376362599418867738e-03
6.468400644356291085e-02 1.331445246417258671e-03
6.573556701172374173e-02 1.311661997632600218e-03
6.680422268096636307e-02 1.318895638314651619e-03
6.789025136441299846e-02 1.353130292392021317e-03
6.899393549318807994e-02 1.402253101685246167e-03
7.011556208986750860e-02 1.450369073273942433e-03
7.125542284312011421e-02 1.492633057781394407e-03
7.241381418356450383e-02 1.528568199039206238e-03
7.359103736085796654e-02 1.557664211906339968e-03
7.478739852204030480e-02 1.579370383197085254e-03
7.600320879114821904e-02 1.593097909541804635e-03
7.723878435012666854e-02 1.598245418645640598e-03
7.849444652105536102e-02 1.596270983403879490e-03
7.977052184971006321e-02 1.592585862828142795e-03
8.106734219048433721e-02 1.591378552827042020e-03
8.238524479269088152e-02 1.593274892566796941e-03
8.372457238826705450e-02 1.598527062794861953e-03
8.508567328090375914e-02 1.607394976537685621e-03
8.646890143662540329e-02 1.620147261440038622e-03
8.787461657584293151e-02 1.637062433638598880e-03
8.930318426690046774e-02 1.658304217923428636e-03
9.075497602114547535e-02 1.682719521719836658e-03
9.223036938954308483e-02 1.708376829687316412e-03
9.372974806086262212e-02 1.734525972285506229e-03
9.525350196145739023e-02 1.761169615214046302e-03
9.680202735666923464e-02 1.788320753027827087e-03
9.837572695388170640e-02 1.815992815871313865e-03
9.997501000724577647e-02 1.844199651095432269e-03
1.016002924241112132e-01 1.872955486327716745e-03
1.032519968731858556e-01 1.902261801540666014e-03
1.049305528944562277e-01 1.932082618429038778e-03
1.066363970108905046e-01 1.962386372759583608e-03
1.083699728419615094e-01 1.993177065164036116e-03
1.101317312190144837e-01 2.024465197289597451e-03
1.119221303025078051e-01 2.056261464423957824e-03
1.137416357011628715e-01 2.088576702417608427e-03
1.155907205930490622e-01 2.121421830262593122e-03
1.174698658486390962e-01 2.154791212782041637e-03
1.193795601558613889e-01 2.188358514258612747e-03
1.213203001471886006e-01 2.221493698158431840e-03
1.232925905287926144e-01 2.253837936856059598e-03
1.252969442117950472e-01 2.285310872790997927e-03
1.273338824456560492e-01 2.315840376936308120e-03
1.294039349537286498e-01 2.345352586817402163e-03
1.315076400710198934e-01 2.373772048366654119e-03
1.336455448841867288e-01 2.401021875751429419e-03
1.358182053738117845e-01 2.427054745232772731e-03
1.380261865589926529e-01 2.451962799365589585e-03
1.402700626442769105e-01 2.475854457917252283e-03
1.425504171689908339e-01 2.498701877682703298e-03
1.448678431589931481e-01 2.520437351651656083e-03
1.472229432808982441e-01 2.540992170102299164e-03
1.496163299988017836e-01 2.560296789603812989e-03
1.520486257335588731e-01 2.578281011281446239e-03
1.545204630246518052e-01 2.594872333429705524e-03
1.570324846946838382e-01 2.609917338088778987e-03
1.595853440165528603e-01 2.623142684637220362e-03
1.621797048833401311e-01 2.634328941085391923e-03
1.648162419809628132e-01 2.643361071202277035e-03
1.674956409636293442e-01 2.650130943480218104e-03
1.702185986321506916e-01 2.654529950260515331e-03
1.729858231151514547e-01 2.656449352508191003e-03
1.757980340532214747e-01 2.655780642651480589e-03
1.786559627860667410e-01 2.652477574265864335e-03
1.815603525426993936e-01 2.646949320223961066e-03
1.845119586347232221e-01 2.639776028987472073e-03
1.875115486527554332e-01 2.631096579989351120e-03
1.905599026660470541e-01 2.620847094183368503e-03
1.936578134253483796e-01 2.608962463054920189e-03
1.968060865690670347e-01 2.595377094141829155e-03
2.000055408327836015e-01 2.580024736198293506e-03
2.032570082621696639e-01 2.562838910544172621e-03
2.065613344293710241e-01 2.543849116556973211e-03
2.099193786529022776e-01 2.523292868010139356e-03
2.133320142211214132e-01 2.501349560014552026e-03
2.168001286193388943e-01 2.477994793874137291e-03
2.203246237606109048e-01 2.453177075269468571e-03
2.239064162202931418e-01 2.426843189030886139e-03
2.275464374744018137e-01 2.398937983106166211e-03
2.312456341418560324e-01 2.369404153977530680e-03
2.350049682306487864e-01 2.338204267094246003e-03
2.388254173880283437e-01 2.305580542683760559e-03
2.427079751547459863e-01 2.271963767395350497e-03
2.466536512234296930e-01 2.237517338062305211e-03
2.506634717011674285e-01 2.202208428920233302e-03
2.547384793763526889e-01 2.165997493609211899e-03
2.588797339898746830e-01 2.128841788129626905e-03
2.630883125107074116e-01 2.090695113657815851e-03
2.673653094159875176e-01 2.051507577569746527e-03
2.717118369756454932e-01 2.011326353517143423e-03
2.761290255416551376e-01 1.970538796108201041e-03
2.806180238419953565e-01 1.929529057834222794e-03
2.851799992793846994e-01 1.888356407909939222e-03
2.898161382348783954e-01 1.847009935017018822e-03
2.945276463763913388e-01 1.805476529882391740e-03
2.993157489722449993e-01 1.763740839067762939e-03
3.041816912098123660e-01 1.721785216291741444e-03
3.091267385193335326e-01 1.679594218108110965e-03
3.141521769030057309e-01 1.637263509720945920e-03
3.192593132694168112e-01 1.595010347399561379e-03
3.244494757734234791e-01 1.552956006926307919e-03
3.297240141615418452e-01 1.511105927798489512e-03
3.350843001229643070e-01 1.469459266950561699e-03
3.405317276462825893e-01 1.428014346533282991e-03
3.460677133819998197e-01 1.386768691205145232e-03
3.516936970109467153e-01 1.345719065607674236e-03
3.574111416186814272e-01 1.304887988785499026e-03
3.632215340759817335e-01 1.264442519443534363e-03
3.691263854255117383e-01 1.224585818367603107e-03
3.751272312747849225e-01 1.185390821753305735e-03
3.812256321955161398e-01 1.146886084503161152e-03
3.874231741294540399e-01 1.109101297777068118e-03
3.937214688008224828e-01 1.072067437658565103e-03
4.001221541354675892e-01 1.035816890515676991e-03
4.066268946868067946e-01 1.000382878381191748e-03
4.132373820687149646e-01 9.657556629803498716e-04
4.199553353954407209e-01 9.318549319509011886e-04
4.267825017286828171e-01 8.986368051673333801e-04
4.337206565319199347e-01 8.661300731938430253e-04
4.407716041321392275e-01 8.343718700856879444e-04
4.479371781890719717e-01 8.034015103661230894e-04
4.552192421720435700e-01 7.732605866399358541e-04
4.626196898445907868e-01 7.439930758793150689e-04
4.701404457569479667e-01 7.156331439861080002e-04
4.777834657465498402e-01 6.881079823881190716e-04
4.855507374466534465e-01 6.612952467712866766e-04
4.934442808032452610e-01 6.351778218697673450e-04
5.014661486003495483e-01 6.097968105022062713e-04
5.096184269938629496e-01 5.851962269786473159e-04
5.179032360540839486e-01 5.614225973428373095e-04
5.263227303170521232e-01 5.385250479627602671e-04
5.348790993448611086e-01 5.165552091622692410e-04
5.435745682950616775e-01 4.955009795270838568e-04
5.524113984993389570e-01 4.751847292566828418e-04
5.613918880515972321e-01 4.554599074534058933e-04
5.705183724055873373e-01 4.363401979908289319e-04
5.797932249822685957e-01 4.178655727663065089e-04
5.892188577870350885e-01 4.000782127362850771e-04
5.987977220369848919e-01 3.830225650741682364e-04
6.085323087983685042e-01 3.667454101255913923e-04
6.184251496344190802e-01 3.512874679825021829e-04
6.284788172637133519e-01 3.365572509342919238e-04
6.386959262292142281e-01 3.223567852147050938e-04
6.490791335782173377e-01 3.086092351550148716e-04
6.596311395533319688e-01 2.953432501981503866e-04
6.703546882947151175e-01 2.825920633205830645e-04
6.812525685536885423e-01 2.703906390681409810e-04
6.923276144179917324e-01 2.587757207268455428e-04
7.035827060488143436e-01 2.477858860219749049e-04
7.150207704297910638e-01 2.374249592541483045e-04
7.266447821282033814e-01 2.275519574254369903e-04
7.384577640685306976e-01 2.180173628435234934e-04
7.504627883186042459e-01 2.088097425802272478e-04
7.626629768885039296e-01 1.999530736358223759e-04
7.750615025424743010e-01 1.914725340153335120e-04
7.876615896240389825e-01 1.833945303371942170e-04
8.004665148944978270e-01 1.757467302117010632e-04
8.134796083850936999e-01 1.685559831001576248e-04
8.267042542630055335e-01 1.617799577658535215e-04
8.401438917114449900e-01 1.552891690566673977e-04
8.538020158240255952e-01 1.490117545512315012e-04
8.676821785137031062e-01 1.429586263365020815e-04
8.817879894364881732e-01 1.371464140552756256e-04
8.961231169301524524e-01 1.315925488106148289e-04
9.106912889682209356e-01 1.263152855088649218e-04
9.254962941294598844e-01 1.213337283936990335e-04
9.405419825831408120e-01 1.166571033806174801e-04
9.558322670902921203e-01 1.122262326360423668e-04
9.713711240212541398e-01 1.079613991946271750e-04
9.871625943897804900e-01 1.038476372641726486e-04
1.003210784903916242e+00 9.989646034317713197e-05
1.019519869033999271e+00 9.611997378084630173e-05
1.036094088097997634e+00 9.253082982886746966e-05
1.052937752364515589e+00 8.914224332006934204e-05
1.070055242173696408e+00 8.596772359673390818e-05
1.087451009076376263e+00 8.299257758117087325e-05
1.105129576991760842e+00 8.014756360269839619e-05
1.123095543383886286e+00 7.738204781815131994e-05
1.141353580457245442e+00 7.469665243651536779e-05
1.159908436371824836e+00 7.209785558096384883e-05
1.178764936477924463e+00 6.959243661403165249e-05
1.197927984571004689e+00 6.718748487317613427e-05
1.217402564166972567e+00 6.489040918730530627e-05
1.237193739798202685e+00 6.270698765308176104e-05
1.257306658330586080e+00 6.062211432669370459e-05
1.277746550302033546e+00 5.860857043764322594e-05
1.298518731282713778e+00 5.665864317479403500e-05
1.319628603257432031e+00 5.477722466949372371e-05
1.341081656030434832e+00 5.296960559724069040e-05
1.362883468653093955e+00 5.124130808263280268e-05
1.385039710874804264e+00 4.959809289740643723e-05
1.407556144617416072e+00 4.804595835681060856e-05
1.430438625473698933e+00 4.658227055346665646e-05
1.453693104230124655e+00 4.517826514164290097e-05
1.477325628414443592e+00 4.380749863783922615e-05
1.501342343868361295e+00 4.246813644791583298e-05
1.525749496345838452e+00 4.116293378607881193e-05
1.550553433137366044e+00 3.989477113092859684e-05
1.575760604720602531e+00 3.866665815233961967e-05
1.601377566437895084e+00 3.748173787608555241e-05
1.627410980201044355e+00 3.634297919897187812e-05
1.653867616223813286e+00 3.524721858767267124e-05
1.680754354782546978e+00 3.418550227092705118e-05
1.708078188005463849e+00 3.315440913259984357e-05
1.735846221691035307e+00 3.215620185711628998e-05
1.764065677155878253e+00 3.119346073236252403e-05
1.792743893112739295e+00 3.026887718349594025e-05
1.821888327578983668e+00 2.938525744983384869e-05
1.851506559816137099e+00 2.854552649831677835e-05
1.881606292300905592e+00 2.774999235169960110e-05
1.912195352728282227e+00 2.698614903764821882e-05
1.943281696047234330e+00 2.623965231734332049e-05
1.974873406529414233e+00 2.550824637937050554e-05
2.006978699871559968e+00 2.479330302899030586e-05
2.039605925332084624e+00 2.409625583845581565e-05
2.072763567902327519e+00 2.341860185023358909e-05
2.106460250513177535e+00 2.276190370637237032e-05
2.140704736277531328e+00 2.212773976205742454e-05
2.175505930769235707e+00 2.151534771335956997e-05
2.210872884339026623e+00 2.092053627388273246e-05
2.246814794468162013e+00 2.034101291122688421e-05
2.283341008160337804e+00 1.977778472154242267e-05
2.320461024372406200e+00 1.923215722708909031e-05
2.358184496484692527e+00 1.870549210593666634e-05
2.396521234811424872e+00 1.819920909486207744e-05
2.435481209152025706e+00 1.771478798628586815e-05
2.475074551383789068e+00 1.725299252446684667e-05
2.515311558096792410e+00 1.680867810861883666e-05
2.556202693271639514e+00 1.637438072449055176e-05
2.597758591000653983e+00 1.594817769911063832e-05
2.639990058253403937e+00 1.553080084180057108e-05
2.682908077687128579e+00 1.512302857005400764e-05
2.726523810502908152e+00 1.472567357266654775e-05
2.770848599348180397e+00 1.433958398388245070e-05
2.815893971266516083e+00 1.396563902688729292e-05
2.861671640695356178e+00 1.360375704920115808e-05
2.908193512512397660e+00 1.325167415949009969e-05
2.955471685131593418e+00 1.290769629863283696e-05
3.003518453649431930e+00 1.257222013818608264e-05
3.052346313042428427e+00 1.224594248103432620e-05
3.101967961416478570e+00 1.192959019954715344e-05
3.152396303309151548e+00 1.162392126671102366e-05
3.203644453045655816e+00 1.132972582930900918e-05
3.255725738149263027e+00 1.104762018695314846e-05
3.308653702807297314e+00 1.077551046992867440e-05
3.362442111393385780e+00 1.050941683911239821e-05
3.417104952047057775e+00 1.024784341087121159e-05
3.472656440311407522e+00 9.991173096611689897e-06
3.529111022830000888e+00 9.739846441011827671e-06
3.586483381103890533e+00 9.494323390019272779e-06
3.644788435309591623e+00 9.255083963034121952e-06
3.704041348179254012e+00 9.022628894248332920e-06
3.764257528943831588e+00 8.797103427591636271e-06
3.825452637340441608e+00 8.577361475483290254e-06
3.887642587684733364e+00 8.362279272545666831e-06
3.950843553009584230e+00 8.151973388847467972e-06
4.015071969271078345e+00 7.946841998724210598e-06
4.080344539622734246e+00 7.747300516076222054e-06
4.146678238759355928e+00 7.553782191273977764e-06
4.214090317331431024e+00 7.366738729687634379e-06
4.282598306431356860e+00 7.186592508974347371e-06
4.352220022152474499e+00 7.012523325463509982e-06
4.422973570222334949e+00 6.842340925837867016e-06
4.494877350711295350e+00 6.674927154545328561e-06
4.567950062817531354e+00 6.510473720429572897e-06
4.642210709729978291e+00 6.349247385086485840e-06
4.717678603570246487e+00 6.191526644303696481e-06
4.794373370414970914e+00 6.037602137912417150e-06
4.872314955399642322e+00 5.887777073384364845e-06
4.951523627905557667e+00 5.742237455715233641e-06
5.032019986831103964e+00 5.600456699893317097e-06
5.113824965948575496e+00 5.461752798201820885e-06
5.196959839348249233e+00 5.326129766721181963e-06
5.281446226970857971e+00 5.193839110973104412e-06
5.367306100230122112e+00 5.065143385089235922e-06
5.454561787726487587e+00 4.940316375216108336e-06
5.543235981053931560e+00 4.819643491367053140e-06
5.633351740701163735e+00 4.703411327814689680e-06
5.724932502048583949e+00 4.591180626333738607e-06
5.818002081462942954e+00 4.481282420630908203e-06
5.912584682490945376e+00 4.372577977725458642e-06
6.008704902153676031e+00 4.265088154524303288e-06
6.106387737343145439e+00 4.158946267642134320e-06
6.205658591322999129e+00 4.054291672210118963e-06
6.306543280334940604e+00 3.951269975689241515e-06
6.409068040312320136e+00 3.850033258340213038e-06
6.513259533703101845e+00 3.750775896987131736e-06
6.619144856403639032e+00 3.654026725017668620e-06
6.726751544805249949e+00 3.560483706921847152e-06
6.836107582955198936e+00 3.470552859209143082e-06
6.947241409834233217e+00 3.384481642412524166e-06
7.060181926752452597e+00 3.302526122639978107e-06
7.174958504865220910e+00 3.224952904569509254e-06
7.291600992811464899e+00 3.152039504109808293e-06
7.410139724476043632e+00 3.084072288751793511e-06
7.530605526878399125e+00 3.020399741655421105e-06
7.653029728189280512e+00 2.957919926298811786e-06
7.777444165877960280e+00 2.893921617102852145e-06
7.903881194991910775e+00 2.827986804961046818e-06
8.032373696570882515e+00 2.760056389322987358e-06
8.162955086197975163e+00 2.690069530509459073e-06
8.295659322689649784e+00 2.617963608334515635e-06
8.430520916926944608e+00 2.543674180721482159e-06
8.567574940830558816e+00 2.467134942439521555e-06
8.706857036481256529e+00 2.388277684061811817e-06
8.848403425389124166e+00 2.307032251306229825e-06
8.992250917913246155e+00 2.223326504912498391e-06
9.138436922834547005e+00 2.137086281204549076e-06
9.286999457084252896e+00 2.048235353558844341e-06
9.437977155630484560e+00 1.956695394959720793e-06
9.591409281525860919e+00 1.862385941891553723e-06
9.747335736117801019e+00 1.765224359812772592e-06
9.905797069425471335e+00 1.715523478624941930e-06
